Be_star,Type,RA,DEC,Xcat,Xidentifier,Gamma,e_Gamma,E_Gamma,Fb,e_Fb,E_Fb,Fs,e_Fs,E_Fs,Fm,e_Fm,E_Fm,Fh,e_Fh,E_Fh,HRms,e_HRms,E_HRms,HRhm,e_HRhm,E_HRhm,DR3Name,Plx,RPlx,PM,e_PM,epsi,sepsi,RUWE,G,e_G,BP,e_BP,RP,e_RP,Teff,Gflux,e_Gflux,E_Gflux,dist,e_dist,E_dist,J,e_J,H,e_H,K,e_K,W1,e_W1,W2,e_W2,W3,e_W3,W4,e_W4,Vsini,Vtran,e_Vtran,E_Vtran,LX,e_LX,E_LX,fX2O,e_fX2O,E_fX2O,match_flag,Class,ref
RX J0048.5-7302,Be,12.14218199,-73.04203573,XMM,J004834.1-730232,0.7,1.0,0.8,1.2e-14,3e-15,3e-15,4e-16,3e-16,3e-16,1.9e-15,4e-16,4e-16,1e-14,3e-15,3e-15,0.6,0.2,0.2,0.7,0.3,0.3,Gaia DR3 4685949198438263040,-0.0328,-1.16,1.45,0.03,0.235,15.97,0.993,14.784,0.003,14.784,0.005,14.668,0.006,31470.0,1.236e-11,4e-14,4e-14,,,,14.7,0.05,14.62,0.05,14.44,0.08,14.12,0.03,13.83,0.03,12.78,,9.34,,,,,,,,,0.001,0.0002,0.0002,0,HMXB,1
RX J0049.2-7311,Be,12.30678073,-73.19385823,CXO,J004913.5-731137,1.2,0.1,0.1,2.27e-13,8e-15,8e-15,6.1e-15,1e-15,1e-15,2.1e-14,1e-15,1e-15,1.99e-13,8e-15,8e-15,0.55,0.07,0.07,0.81,0.05,0.05,Gaia DR3 4685944907831053184,0.0056,0.15,1.34,0.04,0.0,0.0,0.992,16.404,0.003,16.493,0.006,16.216,0.005,30096.0,2.779e-12,7e-15,7e-15,,,,16.11,0.09,15.9,0.2,15.88,,15.19,0.01,15.16,0.02,,,,,,,,,,,,0.082,0.003,0.003,0,HMXB,1
RX J0049.5-7310,Be,12.37421201,-73.18292106,CXO,J004929.7-731058,0.9,0.1,0.1,3.4e-13,1e-14,1e-14,7e-15,1e-15,1e-15,2.7e-14,2e-15,2e-15,3.1e-13,1e-14,1e-14,0.61,0.08,0.08,0.84,0.05,0.05,Gaia DR3 4685944942190772224,-0.0047,-0.04,1.7,0.1,1.32,143.8,3.31,16.202,0.003,16.222,0.005,15.95,0.006,19987.0,3.35e-12,1e-14,1e-14,,,,15.6,0.1,15.3,0.1,15.0,0.2,14.53,0.01,14.39,0.01,,,,,,,,,,,,0.102,0.004,0.004,0,HMXB,1
RX J0049.7-7323,B2Ve,12.42504076,-73.38741548,CXO,J004942.0-732314,2.0,0.2,0.3,3.7e-14,3e-15,3e-15,2e-15,4e-16,4e-16,6.3e-15,6e-16,6e-16,2.8e-14,3e-15,3e-15,0.5,0.1,0.1,0.63,0.09,0.09,Gaia DR3 4685927315640017792,-0.0301,-1.51,1.32,0.02,0.09,2.317,1.035,14.797,0.004,14.841,0.008,14.65,0.01,32368.0,1.222e-11,5e-14,5e-14,,,,14.55,0.04,14.48,0.06,14.3,0.07,13.73,0.03,13.58,0.03,12.85,,9.25,,,,,,,,,0.003,0.0002,0.0002,0,HMXB,1
DZ Tuc,Be,12.68629359,-73.26818073,CXO,J005044.6-731605,0.89,0.06,0.07,4.1e-13,1e-14,1e-14,1.6e-14,1e-15,1e-15,3.8e-14,2e-15,2e-15,3.56e-13,1e-14,1e-14,0.4,0.04,0.04,0.81,0.03,0.03,Gaia DR3 4685928999266932864,-0.0248,-1.01,1.45,0.03,0.064,0.7221,0.987,15.346,0.004,15.346,0.007,15.292,0.008,29222.0,7.37e-12,2e-14,2e-14,,,,15.3,0.05,15.3,0.1,14.8,0.1,14.59,0.03,14.37,0.04,12.76,,9.19,,,,,,,,,0.056,0.001,0.001,0,HMXB,1
SMC 25,Be,12.96678092,-73.17615542,CXO,J005152.0-731034,1.05,0.05,0.05,5.8e-13,2e-14,2e-14,7.2e-14,5e-15,5e-15,6.8e-14,4e-15,4e-15,4.4e-13,2e-14,2e-14,-0.02,0.05,0.05,0.73,0.05,0.05,Gaia DR3 4685938413838450688,-0.0247,-1.39,1.38,0.02,0.11,5.039,1.037,14.335,0.003,14.318,0.003,14.295,0.004,37563.0,1.869e-11,5e-14,5e-14,,,,14.43,0.03,14.45,0.05,14.17,0.07,13.73,0.03,13.56,0.03,12.46,,9.48,,,,,,,,,0.031,0.001,0.001,0,HMXB,1
2E 0050.1-7247,Be,12.97140907,-72.53020645,CXO,J005153.0-723148,1.4,0.3,0.3,2.9e-14,3e-15,3e-15,2.2e-15,8e-16,8e-16,4.3e-15,7e-16,6e-16,2.3e-14,3e-15,3e-15,0.3,0.2,0.2,0.7,0.1,0.1,Gaia DR3 4688984061034529408,0.0078,0.25,1.48,0.04,0.282,22.63,1.279,14.862,0.006,14.72,0.01,14.97,0.02,29611.0,1.15e-11,6e-14,6e-14,,,,14.47,0.03,14.26,0.04,14.26,0.06,14.33,0.03,14.26,0.04,12.92,,8.5,0.3,,,,,,,,0.0026,0.0003,0.0003,0,HMXB,1
X SMC X-3,O9IVe,13.02344958,-72.43451357,CXO,J005205.6-722603,0.77,0.03,0.03,6e-15,2e-15,2e-15,1.3e-15,6e-16,6e-16,7e-16,4e-16,3e-16,4e-15,2e-15,2e-15,-0.3,0.4,0.4,0.7,0.6,0.6,Gaia DR3 4688985847741087744,-0.0401,-1.94,1.48,0.03,0.105,3.188,1.029,14.811,0.003,14.806,0.005,14.745,0.01,19947.0,1.206e-11,3e-14,3e-14,,,,14.82,0.03,14.61,0.05,14.45,0.08,14.38,0.03,14.25,0.04,12.9,0.5,9.23,,,,,,,,,0.0005,0.0002,0.0002,0,HMXB,1
2E 0050.4-7335,Be,13.05832549,-73.32189778,CXO,J005214.0-731918,1.39,0.02,0.03,1.1e-15,4e-16,1e-15,6e-16,3e-16,3e-16,4e-16,2e-16,2e-16,1e-20,1e-20,8.9169e-16,-0.2,0.4,0.4,-1.0,2.1,2.1,Gaia DR3 4685885980866646656,-0.0646,-3.8,1.36,0.02,0.0,0.0,0.916,14.57,0.003,14.612,0.008,14.446,0.005,37632.0,1.506e-11,5e-14,5e-14,,,,14.4,0.03,14.25,0.05,14.11,0.06,13.64,0.03,13.41,0.03,12.4,0.4,8.98,,,,,,,,,7e-05,3e-05,6e-05,0,HMXB,1
2E 0051.1-7214,Be,13.2302835,-71.96841874,XMM,J005255.3-715807,0.9,0.2,0.2,1.27e-12,2e-14,2e-14,7.6e-14,2e-15,2e-15,1.13e-13,2e-15,2e-15,1.08e-12,2e-14,2e-14,0.2,0.02,0.02,0.81,0.02,0.02,Gaia DR3 4689080337014302336,-0.077,-2.95,1.42,0.03,0.0,0.0,0.933,15.466,0.003,15.457,0.006,15.423,0.005,33642.0,6.6e-12,2e-14,2e-14,,,,15.38,0.05,15.16,0.08,15.0,0.1,14.71,0.03,14.56,0.04,12.89,,9.34,,,,,,,,,0.192,0.003,0.003,0,HMXB,1
Cl* NGC 330 ELS 055592,B3IVe,13.34460251,-72.19883642,XRT,11830,,,,9e-15,4e-15,4e-15,2e-15,1e-15,1e-15,2e-15,1e-15,1e-15,5e-15,3e-15,3e-15,-0.2,0.5,0.5,0.5,0.6,0.6,Gaia DR3 4689061812857160832,-0.0182,-0.38,1.42,0.06,0.119,0.7609,1.038,16.538,0.003,16.38,0.01,16.386,0.008,24506.0,2.457e-12,7e-15,7e-15,,,,16.3,0.2,14.67,,15.25,,,,,,,,,,118.0,,,,,,,0.004,0.002,0.002,1,star,
CXOU J005323.8-722715,Be,13.34942184,-72.45429642,CXO,J005323.8-722715,0.9,0.1,0.1,2.4e-13,1e-14,1e-14,1.2e-14,1e-15,1e-15,2.4e-14,2e-15,2e-15,2.1e-13,1e-14,1e-14,0.34,0.07,0.07,0.79,0.06,0.06,Gaia DR3 4689005260999717760,0.0096,0.29,1.47,0.04,0.037,0.1174,0.888,16.185,0.003,16.124,0.005,16.27,0.01,24523.0,3.401e-12,1e-14,1e-14,,,,16.3,0.1,15.8,0.2,16.5,,15.66,0.02,15.32,0.04,,,,,,,,,,,,0.071,0.003,0.003,0,HMXB,1
Cl* NGC 330 ELS 065055,B1IIIe,13.48049322,-72.44595565,CXO,J005355.3-722645,0.71,0.03,0.03,7e-15,1e-15,1e-15,1.7e-15,4e-16,4e-16,1.5e-15,3e-16,3e-16,3.6e-15,9e-16,9e-16,-0.1,0.2,0.2,0.4,0.2,0.2,Gaia DR3 4689005432797634944,-0.0412,-2.16,1.41,0.02,0.104,3.471,0.987,14.665,0.003,14.632,0.005,14.607,0.008,34001.0,1.38e-11,4e-14,4e-14,,,,14.41,0.04,14.21,0.06,14.0,0.07,13.45,0.01,13.4,0.01,,,,,420.0,,,,,,,0.00049,8e-05,8e-05,0,HMXB,1
Cl* NGC 330 ELS 016486,B1IIIe,13.69321968,-72.42300437,CXO,J005446.3-722522,2.1,0.4,0.5,2.5e-14,3e-15,3e-15,1.2e-15,4e-16,4e-16,3.4e-15,5e-16,5e-16,2e-14,3e-15,2e-15,0.5,0.2,0.2,0.7,0.1,0.1,Gaia DR3 4689006257431240960,-0.036,-1.36,1.43,0.03,0.096,1.479,1.012,15.482,0.003,15.451,0.005,15.366,0.005,31598.0,6.5e-12,2e-14,2e-14,,,,15.29,0.06,15.2,0.09,14.8,0.1,14.51,0.03,14.33,0.04,12.63,,8.91,,496.0,,,,,,,0.0039,0.0004,0.0004,0,HMXB,1
Cl* NGC 330 KWBBE 1054,Be,13.89644265,-72.48518194,CXO,J005535.1-722906,0.6,0.1,0.1,4.1e-14,5e-15,4e-15,3e-15,1e-15,1e-15,6e-15,1e-15,1e-15,3.2e-14,4e-15,4e-15,0.3,0.2,0.2,0.7,0.1,0.1,Gaia DR3 4688993200726721408,-0.0173,-0.88,1.42,0.02,0.092,2.742,0.917,14.671,0.003,14.635,0.005,14.671,0.008,36204.0,1.372e-11,4e-14,4e-14,,,,14.53,0.04,14.53,0.06,14.36,0.08,13.93,0.03,13.75,0.03,12.3,,9.05,,,,,,,,,0.003,0.0003,0.0003,1,HMXB,1
Cl* NGC 330 G 68,B5IVe,13.95320073,-72.45357585,XMM,J005549.2-722709,,,,5e-15,3e-15,3e-15,8e-16,4e-16,4e-16,1.1e-15,3e-16,3e-16,3e-15,3e-15,3e-15,0.2,0.3,0.3,0.5,0.7,0.7,Gaia DR3 4688994437677214464,-0.0032,-0.05,1.59,0.08,0.295,2.269,1.084,17.321,0.003,17.298,0.007,17.334,0.01,15386.0,1.195e-12,3e-15,3e-15,,,,,,,,,,,,,,,,,,317.0,,,,,,,0.004,0.002,0.002,1,star,
2E 0054.4-7237,Be,14.0230721,-72.36652009,XMM,J005605.5-722159,,,,1.6e-14,2e-15,2e-15,3e-16,2e-16,2e-16,2.4e-15,3e-16,3e-16,1.3e-14,2e-15,2e-15,0.8,0.2,0.2,0.7,0.2,0.2,Gaia DR3 4689006875906895616,-0.01,-0.3,1.45,0.04,0.133,1.826,0.968,15.974,0.003,15.884,0.005,16.123,0.006,22384.0,4.13e-12,1e-14,1e-14,,,,15.85,0.09,14.19,,14.1,,,,,,,,,,,,,,,,,0.0038,0.0006,0.0006,0,HMXB,1
Cl* NGC 330 KWBBE 222,B2IIIe,14.08276056,-72.46714302,XRT,13539,,,,5.8e-13,5e-14,5e-14,1.5e-13,2e-14,2e-14,1e-13,1e-14,1e-14,3.3e-13,4e-14,4e-14,-0.16,0.1,0.1,0.5,0.1,0.1,Gaia DR3 4688993475604509184,-0.2366,-3.73,1.39,0.07,0.557,33.63,1.519,15.874,0.003,15.556,0.008,15.688,0.009,9997.0,4.53e-12,1e-14,1e-14,,,,,,,,,,,,,,,,,,261.0,,,,,,,0.13,0.01,0.01,1,star,
Cl* NGC 330 ELS 004509,B2IVe,14.16150651,-72.30366664,XMM,J005638.1-721810,,,,6e-15,5e-15,5e-15,6e-16,6e-16,6e-16,4e-16,5e-16,5e-16,5e-15,5e-15,5e-15,-0.2,0.8,0.8,0.9,1.2,1.2,Gaia DR3 4689013713496404864,0.0115,0.33,1.51,0.04,0.0,0.0,0.93,16.367,0.003,16.326,0.004,16.434,0.005,19984.0,2.877e-12,8e-15,8e-15,,,,16.8,0.1,16.25,,15.61,,,,,,,,,,101.0,,,,,,,0.002,0.002,0.002,1,star,
gam Cas,B0IVpe,14.177451,60.7167228,XMM,J005642.4+604300,,,,1.4899e-10,9e-14,9e-14,1.862e-11,2e-14,2e-14,2.273e-11,2e-14,2e-14,1.0764e-10,9e-14,9e-14,0.0993,0.0006,0.0006,0.6513,0.0008,0.0008,Gaia DR3 426558460884582016,,,,,2.042,2968.0,,2.065,0.006,2.73,0.06,2.32,0.04,,1.513e-06,9e-09,9e-09,168.0,3.0,4.0,2.0,0.2,2.0,0.2,1.8,0.2,-0.91,,-0.34,,0.4,0.1,-0.287,0.01,432.0,,,,5.0565854e+32,1.9820254e+31,2.1021213e+31,9.85e-05,6e-07,6e-07,0,GCA,2
RX J0057.4-7325,Be,14.36273442,-73.42207788,CXO,J005727.1-732519,0.7,0.1,0.1,8.3e-13,5e-14,5e-14,4.9e-14,7e-15,7e-15,7.6e-14,8e-15,8e-15,7.1e-13,5e-14,5e-14,0.22,0.09,0.09,0.81,0.08,0.08,Gaia DR3 4685702877789513856,0.0293,1.03,1.51,0.03,0.072,0.7259,0.953,15.625,0.003,15.581,0.006,15.631,0.008,31165.0,5.7e-12,2e-14,2e-14,,,,15.67,0.06,15.6,0.1,15.6,0.2,15.167,0.01,15.2,0.03,,,,,,,,,,,,0.146,0.009,0.009,0,HMXB,1
CXOU J005736.2-721934,Be,14.40007795,-72.32613233,CXO,J005735.9-721934,1.44,0.07,0.07,3.4e-13,1e-14,1e-14,1.53e-14,9e-16,9e-16,4.5e-14,2e-15,2e-15,2.8e-13,1e-14,1e-14,0.49,0.04,0.04,0.72,0.04,0.04,Gaia DR3 4689001343986819072,-0.0089,-0.29,1.43,0.03,0.0,0.0,0.961,15.949,0.003,15.965,0.006,15.852,0.009,31741.0,4.23e-12,1e-14,1e-14,,,,15.74,0.07,15.6,0.1,15.3,0.2,15.22,0.04,15.02,0.06,12.85,,9.12,,,,,,,,,0.08,0.002,0.002,0,HMXB,1
RX J0058.2-7231,Be,14.55245647,-72.51354969,XMM,J005812.5-723048,1.24,0.07,0.08,1.15e-12,2e-14,2e-14,6.6e-15,6e-16,6e-16,2.99e-14,9e-16,9e-16,1.11e-12,2e-14,2e-14,0.64,0.04,0.04,0.95,0.02,0.02,Gaia DR3 4685993080193876608,-0.0384,-1.71,1.41,0.03,0.092,2.343,1.006,14.778,0.003,14.83,0.004,14.639,0.006,32810.0,1.243e-11,3e-14,3e-14,,,,14.55,0.04,14.44,0.07,14.18,0.06,13.73,0.03,13.48,0.03,12.5,0.5,8.77,,,,,,,,,0.092,0.002,0.002,0,HMXB,1
[HP2004] 39,Be,15.12518506,-72.34263261,XMM,J010030.1-722033,1.1,0.3,0.3,3.1e-14,2e-15,2e-15,1.1e-15,2e-16,2e-16,4e-15,2e-16,2e-16,2.6e-14,2e-15,2e-15,0.58,0.07,0.07,0.73,0.08,0.08,Gaia DR3 4690499218096543744,-0.0434,-2.54,1.42,0.02,0.048,0.8711,0.933,14.548,0.003,14.551,0.003,14.484,0.004,19983.0,1.536e-11,4e-14,4e-14,,,,14.5,0.04,14.32,0.05,14.13,0.06,13.8,0.03,13.56,0.03,12.7,0.4,9.19,,,,,,,,,0.002,0.0001,0.0001,0,HMXB,1
RX J0101.0-7206,B3.5Ve,15.26204601,-72.11638436,CXO,J010102.9-720658,0.9,0.2,0.2,5.4e-14,4e-15,4e-15,6e-15,9e-16,9e-16,5.7e-15,7e-16,6e-16,4.2e-14,4e-15,4e-15,-0.02,0.1,0.09,0.76,0.1,0.1,Gaia DR3 4690507052120063488,0.0928,2.94,1.47,0.04,0.138,2.535,1.111,15.658,0.003,15.654,0.004,15.576,0.005,32344.0,5.52e-12,1e-14,1e-14,,,,15.54,0.06,15.5,0.1,15.5,0.2,14.76,0.02,14.59,0.02,,,,,,,,,,,,0.0097,0.0007,0.0007,0,HMXB,1
RX J0101.3-7211,Be,15.33610978,-72.18860693,XMM,J010120.6-721119,,,,3.49e-13,7e-15,7e-15,9.8e-15,4e-16,4e-16,2.05e-14,4e-16,4e-16,3.19e-13,6e-15,6e-15,0.35,0.02,0.02,0.88,0.03,0.03,Gaia DR3 4690505613293360640,-0.0272,-0.8,1.47,0.04,0.217,6.593,1.054,15.59,0.005,15.498,0.009,15.69,0.02,27454.0,5.88e-12,2e-14,2e-14,,,,15.39,0.05,15.3,0.1,15.1,0.1,15.12,0.04,15.16,0.06,12.55,,8.75,,,,,,,,,0.059,0.001,0.001,0,HMXB,1
RX J0101.8-7223,Be,15.46791058,-72.39279589,CXO,J010152.2-722334,1.1,0.1,0.1,1.37e-12,8e-14,7e-14,5.4e-14,8e-15,7e-15,1.6e-13,1e-14,1e-14,1.16e-12,8e-14,7e-14,0.49,0.08,0.08,0.76,0.07,0.07,Gaia DR3 4687492917085083648,-0.0585,-2.97,1.49,0.02,0.056,0.8653,0.99,14.863,0.003,14.866,0.003,14.799,0.004,36576.0,1.15e-11,3e-14,3e-14,,,,14.92,0.04,14.71,0.05,14.57,0.09,14.1,0.03,13.85,0.03,12.65,,9.39,,,,,,,,,0.119,0.007,0.006,0,HMXB,1
RX J0103.6-7201,O5Ve,15.9064072,-72.0258954,CXO,J010337.5-720133,0.6,0.2,0.2,1.8e-13,1e-14,1e-14,9e-15,1e-15,1e-15,1.4e-14,2e-15,2e-15,1.6e-13,1e-14,1e-14,0.24,0.09,0.09,0.83,0.08,0.08,Gaia DR3 4690513034998265728,-0.016,-0.8,1.45,0.02,0.106,3.716,0.951,14.574,0.003,14.546,0.005,14.575,0.006,36404.0,1.5e-11,4e-14,4e-14,,,,14.62,0.03,14.54,0.06,14.26,0.07,14.1,0.03,14.01,0.03,12.39,,8.81,,,,,,,,,0.012,0.0007,0.0007,1,HMXB,1
RX J0105.5-7221,Be,16.147684,-72.36346729,XMM,J010435.4-722151,,,,5.1e-14,6e-15,6e-15,0.0,1e-16,1e-16,3.3e-15,5e-16,5e-16,4.8e-14,6e-15,6e-15,1.0,0.2,0.2,0.9,0.2,0.2,Gaia DR3 4687487900561970048,0.0193,0.76,1.49,0.03,0.147,4.606,1.065,15.121,0.003,15.121,0.005,15.069,0.006,34438.0,9.06e-12,3e-14,3e-14,,,,14.99,0.03,14.82,0.06,14.53,0.09,14.35,0.03,14.11,0.04,12.9,0.4,8.83,,,,,,,,,0.0057,0.0007,0.0007,0,HMXB,1
RX J0105.3-7210,Be,16.28199524,-72.19705622,XRT,7054,1.8,0.2,0.2,1.78e-13,7e-15,7e-15,5e-14,3e-15,3e-15,3.3e-14,2e-15,2e-15,9.5e-14,6e-15,6e-15,-0.2,0.05,0.05,0.49,0.05,0.05,Gaia DR3 4687503190647994624,-0.0236,-0.76,1.46,0.04,0.106,1.443,0.971,15.645,0.003,15.619,0.004,15.658,0.005,19853.0,5.59e-12,1e-14,1e-14,,,,15.57,0.09,15.5,0.2,14.3,,14.8,0.03,14.8,0.03,,,,,,,,,,,,0.032,0.001,0.001,1,star,
RX J0105.9-7203,Be,16.48023329,-72.06404935,CXO,J010555.2-720350,0.67,0.09,0.11,3.3e-14,2e-15,2e-15,2.2e-15,3e-16,3e-16,3.1e-15,4e-16,4e-16,2.8e-14,2e-15,2e-15,0.18,0.09,0.09,0.8,0.1,0.1,Gaia DR3 4687508001011164544,0.0048,0.17,1.41,0.03,0.096,1.368,1.009,15.552,0.003,15.553,0.005,15.491,0.005,33129.0,6.1e-12,2e-14,2e-14,,,,15.46,0.05,15.31,0.09,14.8,0.1,14.6,0.03,14.39,0.04,12.72,,9.41,,,,,,,,,0.0054,0.0004,0.0004,0,HMXB,1
XTE J0111-7317,B1IVe,17.78575314,-73.27953553,XMM,J011108.4-731646,,,,2.4e-14,5e-15,5e-15,2.7e-15,4e-16,4e-16,2.6e-15,4e-16,4e-16,1.9e-14,5e-15,5e-15,-0.0,0.1,0.1,0.8,0.3,0.3,Gaia DR3 4687174367933821952,-0.0879,-3.47,1.6,0.03,0.0,0.0,0.959,15.436,0.003,15.43,0.004,15.413,0.006,28046.0,6.78e-12,2e-14,2e-14,,,,15.1,0.05,15.19,0.09,14.9,0.1,14.53,0.03,14.25,0.04,12.36,,8.9,0.3,,,,,,,,0.0035,0.0007,0.0007,0,HMXB,1
CAS GAM-1,Be,19.63319348,63.74252241,XMM,J011831.9+634433,,,,4.3e-14,2e-15,2e-15,1.9e-15,3e-16,3e-16,1.97e-14,6e-16,6e-16,2.2e-14,1e-15,1e-15,0.83,0.04,0.04,0.05,0.04,0.04,Gaia DR3 524677469790488960,0.1363,8.34,1.76,0.01,0.0,0.0,1.017,14.3,0.01,15.44,0.03,13.25,0.04,6174.0,1.92e-11,2e-13,2e-13,5787.0,454.0,817.0,11.62,0.03,11.02,0.02,10.63,0.02,10.73,0.02,10.57,0.02,10.58,0.09,8.52,,,48.0,4.0,7.0,1.7273285e+32,2.7744637e+31,4.9167555e+31,0.00224,8e-05,8e-05,0,HMXB,1
ACHERNAR,B6Vpe,24.42854167,-57.23675278,XMM,J013742.6-571413,,,,5.2e-13,1e-14,1e-14,4.36e-13,1e-14,1e-14,6.7e-14,3e-15,3e-15,2e-14,6e-15,6e-15,-0.73,0.03,0.03,-0.54,0.08,0.08,,,,,,,,,,,,,,,,,,,,,,0.8,0.3,0.9,0.3,0.9,0.3,,,,,,,,,235.0,,,,,,,,,,2,star,
V831 Cas,B1IVe,26.75087549,61.35657291,XMM,J014700.2+612123,-0.7,0.2,1.0,7.29e-12,4e-14,4e-14,4.46e-13,8e-15,8e-15,1.58e-12,1e-14,1e-14,5.26e-12,4e-14,4e-14,0.56,0.008,0.008,0.538,0.007,0.007,Gaia DR3 511220031584305536,0.328,15.15,1.03,0.02,0.184,64.95,1.352,11.215,0.003,11.63,0.006,10.6,0.005,,3.308e-10,9e-13,9e-13,2752.0,138.0,163.0,9.9,0.03,9.7,0.04,9.49,0.02,9.31,0.02,9.15,0.02,8.63,0.02,7.8,0.2,,13.5,0.7,0.8,6.60243e+33,6.636347e+32,7.8249764e+32,0.022,0.0001,0.0001,0,HMXB,3
V782 Cas,B6IIe,32.18933803,65.03740815,XMM,J020845.4+650214,,,,4.6e-12,2e-13,2e-13,7e-15,3e-15,3e-15,5.6e-14,5e-15,5e-15,4.5e-12,2e-13,2e-13,0.8,0.1,0.1,0.98,0.07,0.07,Gaia DR3 515475966217148160,1.1826,35.45,3.95,0.03,0.319,110.3,1.874,7.489,0.003,7.696,0.005,7.084,0.006,,1.023e-08,3e-11,3e-11,832.0,20.0,28.0,6.66,0.04,6.45,0.02,6.2,0.02,6.0,0.1,5.47,0.05,4.84,0.01,4.11,0.02,,15.6,0.4,0.5,3.7967536e+32,2.574552e+31,3.1465638e+31,0.00045,2e-05,2e-05,0,GCA,4
BD+56 511,B3IIIe,34.69973763,57.06727045,CXO,J021847.9+570402,,,,2e-16,1e-16,5e-16,7e-17,7e-17,7e-17,1.5e-16,9e-17,8e-17,1e-20,1e-20,5.0324e-16,0.4,0.5,0.5,-1.0,3.4,3.5,Gaia DR3 458368603583940352,0.3865,20.89,1.02,0.02,0.109,17.83,1.121,9.02,0.003,9.215,0.003,8.656,0.004,,2.498e-09,6e-12,6e-12,2432.0,97.0,79.0,8.3,0.04,8.19,0.05,8.1,0.02,7.9,0.03,7.78,0.02,7.29,0.02,6.58,0.07,,11.8,0.5,0.4,1.5684318e+29,7.950862e+28,3.644044e+29,9e-08,4e-08,2.1e-07,0,star,
Cl* NGC 869 LAV 1039,B3e,34.78595534,57.06360188,CXO,J021908.6+570348,,,,6e-16,2e-16,3e-16,3e-16,2e-16,1e-16,3e-16,1e-16,1e-16,1e-20,1e-20,2.9606e-16,-0.1,0.3,0.3,-1.0,1.2,1.2,Gaia DR3 458368427480032128,0.4988,7.48,1.17,0.06,0.599,665.3,4.911,12.309,0.003,12.52,0.003,11.834,0.004,,1.208e-10,3e-13,3e-13,2085.0,306.0,399.0,11.19,0.03,10.9,0.03,10.69,0.02,10.28,0.07,10.01,0.02,9.07,0.03,8.1,0.2,,12.0,2.0,2.0,3.2444105e+29,1.3656936e+29,2.194554e+29,5e-06,2e-06,3e-06,0,star,
NGC 869 1164,A0e,34.80957273,57.18469275,CXO,J021914.3+571104,,,,2.4e-15,5e-16,4e-16,1.2e-15,2e-16,2e-16,7e-16,2e-16,2e-16,5e-16,3e-16,3e-16,-0.3,0.2,0.2,-0.2,0.3,0.3,Gaia DR3 458375338092496128,0.2948,9.09,1.45,0.03,0.235,40.58,2.133,13.658,0.003,13.967,0.003,13.166,0.004,10397.0,3.486e-11,9e-14,9e-14,3087.0,256.0,299.0,12.56,0.04,12.42,0.05,12.26,0.04,12.06,0.02,12.1,0.02,,,,,,21.0,2.0,2.0,2.7033262e+30,6.8488564e+29,7.251465e+29,7e-05,1e-05,1e-05,1,star,
HD 14162,Be,34.86444028,57.13823122,CXO,J021927.4+570817,,,,5e-16,1e-16,4e-16,3e-16,1e-16,1e-16,2.2e-16,9e-17,9e-17,1e-20,1e-20,3.7468e-16,-0.1,0.3,0.3,-1.0,1.8,1.8,Gaia DR3 458374891415941120,0.4006,27.33,1.24,0.01,0.084,11.49,0.952,9.286,0.003,9.48,0.003,8.927,0.004,19463.0,1.957e-09,5e-12,5e-12,2349.0,92.0,76.0,8.59,0.03,8.52,0.03,8.53,0.02,8.46,0.02,8.51,0.02,8.52,0.03,8.4,0.3,,13.8,0.6,0.5,3.1777597e+29,9.885328e+28,2.6600624e+29,2.5e-07,7e-08,2.1e-07,0,star,
Cl* NGC 884 LAV 1703,B2e,35.35384165,57.19789807,XMM,J022125.0+571147,,,,1.3e-14,4e-15,4e-15,1e-16,3e-16,3e-16,3e-16,2e-16,2e-16,1.2e-14,4e-15,4e-15,0.7,1.1,1.1,1.0,0.4,0.4,Gaia DR3 458454537288962944,0.4446,39.43,1.47,0.01,0.062,7.337,0.922,12.101,0.003,12.337,0.004,11.692,0.005,,1.464e-10,4e-13,4e-13,2108.0,39.0,44.0,11.23,0.02,11.03,0.03,10.82,0.02,10.51,0.02,10.26,0.02,9.4,0.03,8.6,0.3,,14.7,0.3,0.3,6.6960576e+30,2.1521498e+30,2.1563844e+30,9e-05,3e-05,3e-05,0,star,
NGC 884 2079,Be,35.429299,57.3082486,XMM,J022142.9+571830,,,,4e-15,2e-15,2e-15,2.1e-15,6e-16,6e-16,1e-15,4e-16,4e-16,1e-15,2e-15,2e-15,-0.4,0.3,0.3,-0.2,1.3,1.3,Gaia DR3 458459691249627776,1.5438,84.13,8.77,0.02,0.126,22.95,1.281,9.324,0.003,9.809,0.003,8.658,0.004,,1.888e-09,5e-12,5e-12,637.0,6.0,8.0,7.7,0.02,7.22,0.04,7.12,0.02,6.89,0.07,7.06,0.02,7.01,0.02,6.93,0.09,,26.5,0.3,0.3,1.7748837e+29,9.929986e+28,9.935053e+28,2e-06,1e-06,1e-06,0,star,
V615 Cas,B0Ve,40.13193126,61.22933051,CXO,J024031.6+611345,1.54,0.02,0.02,2.25e-12,4e-14,3e-14,5.2e-14,3e-15,3e-15,2.11e-13,6e-15,6e-15,1.99e-12,4e-14,3e-14,0.61,0.03,0.03,0.81,0.02,0.02,Gaia DR3 465645515129855872,0.3776,29.11,0.49,0.01,0.07,8.108,0.927,10.402,0.003,10.957,0.004,9.674,0.005,,7e-10,2e-12,2e-12,2504.0,68.0,72.0,8.62,0.02,8.23,0.02,7.92,0.02,7.59,0.03,7.41,0.02,6.96,0.02,6.55,0.07,,5.9,0.2,0.2,1.6885036e+33,9.508799e+31,1.0081206e+32,0.00322,5e-05,5e-05,0,HMGB,3
IPHAS J024504.86+612502.1,B7IV,41.27022976,61.41723083,XMM,J024505.2+612502,,,,1.1e-14,1e-14,1e-14,0.0,1e-15,1e-15,8e-15,2e-15,2e-15,3e-15,1e-14,1e-14,0.9,0.4,0.4,-0.4,1.0,1.0,Gaia DR3 465718117256659328,0.0564,2.03,0.96,0.03,0.0,0.0,0.996,15.441,0.003,15.967,0.003,14.726,0.004,,6.75e-12,2e-14,2e-14,,,,13.81,0.02,13.47,0.03,13.25,0.03,13.04,0.03,12.89,0.03,12.2,,8.89,,,,,,,,,0.002,0.001,0.001,0,star,
HD 18552,B8Vne,45.04963939,38.13162277,XMM,J030011.8+380754,,,,3.29e-13,8e-15,8e-15,2.14e-13,6e-15,6e-15,8e-14,3e-15,3e-15,3.6e-14,4e-15,4e-15,-0.45,0.02,0.02,-0.38,0.05,0.05,Gaia DR3 142394903351844352,4.463,78.61,30.0,0.06,0.396,190.1,1.311,6.084,0.003,6.059,0.003,6.079,0.004,,3.733e-08,1e-10,1e-10,222.0,3.0,2.0,6.13,0.02,6.13,0.02,6.1,0.02,6.0,0.1,5.79,0.05,5.4,0.01,4.58,0.03,288.0,31.6,0.4,0.3,1.9479964e+30,6.516102e+28,5.9511116e+28,8.8e-06,2e-07,2e-07,0,star,
HD 19818,B9.5Vne,47.1086918,-59.37364393,XRT,177291,2.3,1.0,0.6,8.2e-13,6e-14,6e-14,3.4e-13,4e-14,4e-14,1.6e-13,2e-14,2e-14,3.2e-13,4e-14,4e-14,-0.35,0.1,0.1,0.32,0.09,0.09,Gaia DR3 4723685987981062656,3.3128,140.94,17.21,0.03,0.233,59.77,0.861,9.027,0.003,9.097,0.003,8.858,0.004,,2.483e-09,6e-12,6e-12,301.0,2.0,2.0,8.49,0.02,8.23,0.05,8.11,0.03,8.04,0.02,8.04,0.02,7.88,0.02,7.6,0.1,,24.5,0.2,0.2,8.925068e+30,6.579382e+29,6.591505e+29,0.00033,2e-05,2e-05,0,star,
GSC 02342-00359,B5e,52.29341706,31.36639996,CXO,J032910.3+312159,3.2,0.1,0.1,2.8e-13,1e-14,1e-14,1.3e-14,1e-15,1e-15,7.7e-14,3e-15,3e-15,1.94e-13,1e-14,1e-14,0.72,0.05,0.05,0.43,0.04,0.04,Gaia DR3 121406360248113920,3.3957,6.21,20.1,0.5,2.901,1861.0,2.889,14.608,0.004,15.45,0.01,12.491,0.008,,1.453e-11,5e-14,5e-14,312.0,39.0,62.0,9.37,0.03,7.99,0.03,7.17,0.02,6.37,0.01,5.761,0.008,,,,,,30.0,4.0,6.0,3.316734e+30,8.4586945e+29,1.3163229e+30,0.0196,0.0008,0.0007,1,YSO,1
BQ Cam,Be,53.74962972,53.17313998,CXO,J033459.9+531023,,,,2.3e-14,7e-15,7e-15,1e-15,1e-15,1e-15,1e-14,3e-15,3e-15,1.2e-14,7e-15,7e-15,0.8,0.4,0.4,0.1,0.3,0.3,Gaia DR3 444752973131169664,0.1343,6.67,0.52,0.02,0.0,0.0,1.07,14.2,0.003,15.475,0.005,13.087,0.006,,2.117e-11,7e-14,7e-14,5584.0,506.0,731.0,11.82,0.02,11.21,0.03,10.74,0.03,9.97,0.02,9.71,0.02,9.08,0.03,8.5,0.3,,14.0,1.0,2.0,8.55091e+31,3.178344e+31,3.5645582e+31,0.0011,0.0004,0.0004,0,HMXB,3
MEROPE,B6IVe,56.58167145,23.94814381,CXO,J034619.6+235653,8.7,0.8,0.9,2e-13,1e-14,1e-14,1.8e-13,1e-14,9e-15,2.2e-14,3e-15,3e-15,1e-20,1e-20,4.36435e-15,-0.78,0.06,0.06,-1.0,0.3,0.3,Gaia DR3 65205373152172032,7.067,24.69,50.1,0.2,1.505,3081.0,2.33,4.173,0.004,4.148,0.003,4.159,0.005,,2.171e-07,7e-10,7e-10,143.0,5.0,6.0,4.2,0.2,4.3,0.2,4.22,0.02,4.3,0.2,4.0,0.1,4.16,0.01,2.99,0.04,240.0,34.0,1.0,1.0,4.9266545e+29,4.543826e+28,4.891188e+28,9.3e-07,5e-08,5e-08,0,star,
Menkhib,O7.5IIIe,59.74126439,35.79104207,XMM,J035857.8+354728,,,,2.494e-12,5e-15,5e-15,2.053e-12,5e-15,5e-15,3.94e-13,2e-15,2e-15,4.7e-14,1e-15,1e-15,-0.678,0.002,0.002,-0.786,0.006,0.006,Gaia DR3 219375904303684224,2.4457,9.35,2.7,0.2,1.328,3186.0,2.236,3.975,0.003,3.97,0.003,3.889,0.004,21760.0,2.605e-07,8e-10,8e-10,418.0,39.0,58.0,4.0,0.3,4.1,0.2,3.95,0.04,4.0,0.3,3.7,0.2,3.95,0.01,3.76,0.03,213.0,5.4,0.7,0.9,5.207105e+31,9.730655e+30,1.4488581e+31,9.57e-06,4e-08,4e-08,0,star,
lam Eri,B2IVne,77.28660799,-8.75409389,XMM,J050908.8-084514,,,,7.8e-14,6e-15,6e-15,5.6e-14,4e-15,4e-15,1.5e-14,2e-15,2e-15,7e-15,4e-15,4e-15,-0.58,0.07,0.07,-0.4,0.2,0.2,Gaia DR3 3182891931108590336,3.6256,15.63,2.9,0.2,1.547,4507.0,2.283,4.243,0.003,4.117,0.003,4.386,0.005,,2.034e-07,6e-10,6e-10,275.0,16.0,21.0,4.9,0.2,4.83,0.08,4.71,0.02,4.7,0.2,4.3,0.1,4.07,0.01,3.65,0.02,318.0,3.7,0.3,0.4,7.059583e+29,9.633835e+28,1.1919943e+29,3.8e-07,3e-08,3e-08,0,star,
RX J0516.0-6916,Be,78.99972484,-69.26894575,CXO,J051559.9-691609,1.1,0.3,0.3,2.4e-13,4e-14,3e-14,1.1e-14,4e-15,3e-15,2.7e-14,3e-15,3e-15,2.1e-13,4e-14,3e-14,0.4,0.1,0.1,0.8,0.2,0.2,Gaia DR3 4658196459798969856,0.0226,1.03,1.71,0.03,0.08,1.151,0.966,15.156,0.003,15.101,0.007,15.206,0.006,23340.0,8.78e-12,3e-14,3e-14,,,,15.35,0.08,15.1,0.1,13.92,,,,,,,,,,,,,,,,,0.028,0.004,0.004,0,HMXB,1
[HP99] 946,O8e,80.1244282,-69.53214435,XMM,J052029.9-693155,,,,9.4e-14,5e-15,5e-15,7.3e-15,6e-16,6e-16,6.9e-15,4e-16,4e-16,8e-14,5e-15,5e-15,-0.03,0.05,0.05,0.84,0.08,0.08,Gaia DR3 4658173851121043200,0.0323,1.76,1.85,0.02,0.0,0.0,0.828,14.386,0.003,14.367,0.004,14.342,0.005,35914.0,1.784e-11,5e-14,5e-14,,,,14.37,0.06,14.21,0.07,14.28,0.1,,,,,,,,,,,,,,,,0.0053,0.0003,0.0003,1,star,
Cl* NGC 1893 CUF 3104,B1.5Ve,80.69202724,33.41604799,CXO,J052245.9+332458,2.2,0.2,0.3,1.4e-14,1e-15,1e-15,2.4e-15,3e-16,3e-16,3.2e-15,4e-16,3e-16,8e-15,1e-15,1e-15,0.15,0.09,0.09,0.5,0.1,0.1,Gaia DR3 181174025630479360,0.2958,12.77,1.54,0.02,0.0,0.0,1.03,13.85,0.003,14.062,0.004,13.459,0.005,14211.0,2.922e-11,8e-14,8e-14,2916.0,156.0,205.0,12.81,0.03,12.52,,12.38,,12.351,0.002,12.549,0.007,,,,,,21.0,1.0,2.0,1.4235336e+31,1.9763172e+30,2.3211454e+30,0.00048,4e-05,4e-05,1,star,
eta Ori,B0.5Ve,81.11923705,-2.3971525,XMM,J052428.6-022349,,,,2.85e-13,9e-15,9e-15,2.74e-13,9e-15,9e-15,1.2e-14,1e-15,1e-15,0.0,2e-15,2e-15,-0.92,0.04,0.04,-1.0,0.3,0.3,Gaia DR3 3214077516844988800,1.5783,2.06,1.3,0.4,2.025,6196.0,12.236,3.615,0.008,3.49,0.02,3.71,0.03,18608.0,3.63e-07,3e-09,3e-09,,,,4.0,0.2,4.0,0.2,3.9,0.04,4.0,0.3,3.7,0.1,4.05,0.01,4.05,0.02,170.0,,,,,,,7.9e-07,3e-08,3e-08,0,star,
25 Ori,B1Vpe,81.18678543,1.8464469,CXO,J052444.8+015046,,,,2e-14,1e-14,1e-14,3e-15,2e-15,2e-15,5e-16,5e-16,6e-16,2e-14,1e-14,1e-14,-0.7,0.6,0.6,0.9,0.8,0.8,Gaia DR3 3222282691086558464,2.9321,24.05,1.1,0.1,0.823,1467.0,1.025,4.641,0.004,4.602,0.006,4.65,0.01,40070.0,1.41e-07,5e-10,5e-10,342.0,12.0,14.0,5.37,0.03,5.42,0.03,5.36,0.02,4.2,0.2,3.6,0.2,3.31,0.01,2.71,0.02,263.0,1.8,0.2,0.2,2.6902636e+29,1.4506851e+29,1.45504895e+29,1.4e-07,7e-08,7e-08,0,star,
RX J0531.2-6609,B0.7Ve,82.80472161,-66.1185554,XMM,J053113.2-660707,,,,4.7e-12,5e-14,5e-14,1.02e-13,3e-15,3e-15,1.39e-13,2e-15,2e-15,4.46e-12,5e-14,5e-14,0.16,0.02,0.02,0.94,0.02,0.02,Gaia DR3 4660356557816810240,-0.0167,-0.8,1.69,0.03,0.118,3.607,0.936,14.88,0.003,14.785,0.004,14.954,0.006,28271.0,1.132e-11,3e-14,3e-14,,,,,,,,,,,,,,,,,,,,,,,,,0.415,0.005,0.005,0,star,
HD 36408,B7IIIe,83.05890332,17.05808603,XMM,J053214.2+170327,,,,4.1e-14,5e-15,5e-15,2.1e-14,2e-15,2e-15,7.6e-15,9e-16,9e-16,1.2e-14,4e-15,4e-15,-0.47,0.08,0.08,0.2,0.2,0.2,Gaia DR3 3397264537809127936,2.8515,51.51,11.3,0.05,0.327,236.4,1.18,6.062,0.003,6.055,0.003,6.022,0.004,,3.809e-08,1e-10,1e-10,345.0,6.0,7.0,5.96,0.02,6.02,0.02,6.02,0.03,6.3,0.1,6.23,0.07,5.91,0.03,3.49,0.03,300.0,18.5,0.3,0.4,5.843644e+29,6.913591e+28,6.9722714e+28,1.1e-06,1e-07,1e-07,0,star,
RX J0535.0-6700,B0Ve,83.77490825,-67.00437898,XMM,J053505.5-670015,,,,9.8e-13,6e-14,6e-14,2e-15,1e-15,1e-15,1.9e-14,2e-15,2e-15,9.6e-13,6e-14,6e-14,0.8,0.2,0.2,0.96,0.09,0.09,Gaia DR3 4660245713290392448,-0.0051,-0.25,1.71,0.03,0.078,1.661,0.954,14.783,0.003,14.74,0.004,14.811,0.006,26144.0,1.238e-11,3e-14,3e-14,,,,14.88,0.05,14.78,0.08,14.46,0.1,14.4,0.03,14.34,0.03,13.38,,9.75,,,,,,,,,0.079,0.005,0.005,0,HMXB,1
V1230 Ori,B8IVve,83.83634877,-5.36232448,CXO,J053520.7-052144,2.64,0.03,0.03,8.86e-13,1e-14,9e-15,1.16e-13,2e-15,2e-15,2.2e-13,3e-15,3e-15,5.5e-13,9e-15,8e-15,0.31,0.01,0.01,0.43,0.01,0.01,Gaia DR3 3017365643879095040,2.4554,79.11,3.38,0.03,0.22,70.05,1.975,9.461,0.003,9.694,0.004,8.972,0.004,,1.665e-09,4e-12,4e-12,403.0,5.0,5.0,8.07,0.03,7.6,0.03,7.38,0.02,,,,,,,,,,6.46,0.09,0.1,1.7261085e+31,4.581871e+29,4.959273e+29,0.000532,6e-06,6e-06,0,YSO,1
43 Ori,O9.5Vpe,83.8454267,-5.41605398,CXO,J053522.8-052457,3.97,0.06,0.06,6.97e-13,7e-15,6e-15,4.42e-13,5e-15,5e-15,1.23e-13,2e-15,2e-15,1.33e-13,4e-15,4e-15,-0.57,0.01,0.01,0.04,0.02,0.02,Gaia DR3 3017360936587007616,2.9728,13.92,2.6,0.1,1.433,4567.0,2.614,5.002,0.003,4.963,0.003,4.968,0.004,17766.0,1.012e-07,3e-10,3e-10,334.0,19.0,27.0,4.91,0.04,4.92,0.06,4.84,0.02,,,,,,,,,183.0,4.2,0.3,0.4,9.2965344e+30,1.04872766e+30,1.4972776e+30,6.89e-06,7e-08,7e-08,0,star,
RX J0535.6-6651,BIIIe,83.92084434,-66.86487937,XMM,J053541.0-665153,,,,5.5e-14,3e-15,3e-15,2.28e-14,1e-15,1e-15,1.18e-14,6e-16,6e-16,2e-14,3e-15,3e-15,-0.32,0.03,0.03,0.26,0.08,0.08,Gaia DR3 4660250867252215424,0.2612,2.66,2.3,0.1,1.171,297.8,4.295,15.026,0.004,14.836,0.01,15.103,0.007,27923.0,9.89e-12,4e-14,4e-14,,,,15.15,0.05,15.1,0.1,15.74,,15.26,0.04,15.43,0.05,13.58,,9.82,,,,,,,,,0.0055,0.0003,0.0003,1,HMXB,1
V725 Tau,O9.7IIe,84.72739246,26.31577524,CXO,J053854.5+261856,0.56,0.03,0.03,3.2e-12,4e-14,4e-14,6.5e-14,3e-15,3e-15,2.31e-13,5e-15,5e-15,2.9e-12,4e-14,4e-14,0.56,0.02,0.02,0.85,0.02,0.02,Gaia DR3 3441207615229815040,0.5245,22.56,2.94,0.02,0.123,25.19,1.285,8.602,0.003,8.988,0.003,8.01,0.006,41504.0,3.672e-09,1e-11,1e-11,1793.0,72.0,76.0,8.37,0.02,8.27,0.03,8.16,0.03,7.11,0.05,6.93,0.02,6.17,0.01,5.21,0.04,,25.0,1.0,1.0,1.23008384e+33,9.992404e+31,1.0578391e+32,0.00087,1e-05,1e-05,0,HMXB,3
AX J0544.1-7100,Be,86.0217085,-71.01410266,XRT,154946,3.6,0.5,1.2,8e-14,2e-14,2e-14,6e-14,2e-14,2e-14,1.1e-14,3e-15,3e-15,7e-15,2e-15,2e-15,-0.7,0.3,0.3,-0.2,0.2,0.2,Gaia DR3 4657045928301192320,0.0382,1.56,2.13,0.03,0.0,0.0,0.932,15.308,0.008,15.33,0.02,15.24,0.03,25301.0,7.63e-12,5e-14,5e-14,,,,15.13,0.06,15.02,0.09,15.2,0.2,14.37,0.03,14.43,0.04,12.0,0.1,10.0,0.5,,,,,,,,0.01,0.002,0.002,0,HMXB,1
HD 42054,B4IVe,91.76530034,-34.31202308,XMM,J060703.6-341843,,,,2.56e-12,3e-14,3e-14,7.3e-13,1e-14,1e-14,5.47e-13,8e-15,8e-15,1.28e-12,3e-14,3e-14,-0.14,0.01,0.01,0.4,0.02,0.02,Gaia DR3 2886603749632817792,3.4337,62.48,2.02,0.05,0.463,320.6,1.167,5.764,0.003,5.709,0.003,5.802,0.006,,5.01e-08,1e-10,1e-10,290.0,4.0,5.0,5.87,0.02,5.84,0.03,5.7,0.02,5.8,0.1,5.48,0.05,4.99,0.01,4.24,0.02,,2.78,0.08,0.08,2.574195e+31,7.929727e+29,9.434037e+29,5.1e-05,7e-07,7e-07,0,GCA,5
HD 43285,B5IVe,93.91739997,6.06609278,XMM,J061540.1+060358,,,,1.11e-13,5e-15,5e-15,8.1e-14,4e-15,4e-15,2.2e-14,2e-15,2e-15,8e-15,2e-15,2e-15,-0.57,0.05,0.05,-0.5,0.1,0.1,Gaia DR3 3318793251929855616,4.6484,75.58,17.05,0.09,0.349,124.2,0.956,6.044,0.003,5.972,0.003,6.138,0.004,13624.0,3.87e-08,1e-10,1e-10,213.0,3.0,3.0,6.28,0.03,6.34,0.04,6.38,0.03,6.34,0.08,6.34,0.03,6.45,0.01,6.41,0.07,260.0,17.2,0.3,0.2,6.0379063e+29,3.1754574e+28,3.0881044e+28,2.9e-06,1e-07,1e-07,0,star,
FR CMa,B1Vpe,95.35297527,-11.7732353,XMM,J062124.6-114623,,,,1.61e-12,2e-14,2e-14,2.71e-13,6e-15,6e-15,3.05e-13,5e-15,5e-15,1.03e-12,2e-14,2e-14,0.06,0.01,0.01,0.54,0.02,0.02,Gaia DR3 3001108264938556800,1.8635,31.22,2.57,0.05,0.33,154.7,0.823,5.531,0.005,5.55,0.01,5.42,0.01,34123.0,6.21e-08,3e-10,3e-10,530.0,18.0,21.0,5.76,0.04,5.64,0.03,5.48,0.02,5.0,0.2,4.54,0.07,3.94,0.01,3.07,0.02,242.0,6.5,0.3,0.3,5.419281e+31,3.7778436e+30,4.4515106e+30,2.59e-05,4e-07,4e-07,0,GCA,4
PZ Gem,O9pe,96.81574007,14.8892235,XMM,J062715.8+145321,,,,1.85e-13,5e-15,5e-15,3.5e-14,1e-15,1e-15,3.24e-14,9e-16,9e-16,1.17e-13,5e-15,5e-15,-0.04,0.02,0.02,0.57,0.04,0.04,Gaia DR3 3356755643227139584,1.1281,30.65,0.88,0.04,0.268,81.88,1.297,6.55,0.01,6.68,0.03,6.31,0.04,36246.0,2.43e-08,3e-10,3e-10,864.0,27.0,29.0,5.91,0.02,5.76,0.02,5.53,0.02,5.3,0.2,4.83,0.08,4.25,0.01,3.63,0.02,,3.6,0.2,0.2,1.6497966e+31,1.1173492e+30,1.1881797e+30,7.6e-06,2e-07,2e-07,0,GCA,2
HD 45995,B2Vnne,97.78985421,11.2513656,XMM,J063109.5+111504,,,,1.01e-12,5e-14,5e-14,1.9e-13,1e-14,1e-14,1.99e-13,1e-14,1e-14,6.2e-13,5e-14,5e-14,0.01,0.04,0.04,0.51,0.07,0.07,Gaia DR3 3328013928239036032,1.4952,22.74,3.52,0.06,0.363,140.9,1.271,6.059,0.005,6.02,0.01,6.06,0.03,19703.0,3.82e-08,2e-10,2e-10,658.0,28.0,28.0,6.04,0.02,5.97,0.04,5.78,0.02,5.9,0.1,5.49,0.06,4.77,0.01,3.87,0.02,255.0,11.0,0.5,0.5,5.24404e+31,5.20295e+30,5.246121e+30,2.6e-05,1e-06,1e-06,0,GCA,4
Cl* NGC 2244 PS 26,B7Ve,97.87399685,4.91365105,CXO,J063129.7+045449,,,,4e-15,1e-15,1e-15,1.5e-15,4e-16,4e-16,7e-16,3e-16,2e-16,2e-15,1e-15,1e-15,-0.3,0.2,0.2,0.5,0.4,0.4,Gaia DR3 3131376718971741952,0.6626,37.44,2.09,0.02,0.086,8.508,1.094,12.281,0.003,12.461,0.005,11.938,0.007,,1.239e-10,4e-13,4e-13,1436.0,33.0,40.0,11.45,0.02,10.89,0.03,9.69,0.02,7.99,0.02,6.98,0.02,3.86,0.01,2.11,0.02,,14.2,0.3,0.4,1.055921e+30,3.0542716e+29,3.0483261e+29,3.5e-05,1e-05,1e-05,0,YSO,1
Cl* NGC 2244 JOHN 33,B6Vne,98.06450416,4.92233204,CXO,J063215.4+045520,,,,7e-15,1e-15,1e-15,1.3e-15,3e-16,3e-16,1.6e-15,4e-16,3e-16,4e-15,1e-15,1e-15,0.1,0.2,0.2,0.4,0.2,0.2,Gaia DR3 3131335036310165632,0.6008,26.63,1.74,0.02,0.127,18.32,1.169,11.884,0.003,12.065,0.003,11.553,0.004,13535.0,1.787e-10,5e-13,5e-13,1528.0,46.0,51.0,11.15,0.02,11.0,0.02,10.96,0.02,10.86,0.02,10.88,0.02,10.5,0.2,7.8,,,12.6,0.4,0.4,1.8714772e+30,3.618774e+29,3.4848163e+29,3.7e-05,7e-06,7e-06,0,YSO,1
HD 259440,B0pe,98.24690242,5.80032053,XMM,J063259.2+054801,1.45,0.02,0.02,3.98e-13,8e-15,8e-15,2.4e-14,1e-15,1e-15,5.3e-14,1e-15,1e-15,3.21e-13,8e-15,8e-15,0.39,0.02,0.02,0.72,0.03,0.03,Gaia DR3 3131822364779745536,0.5404,23.88,0.43,0.02,0.102,10.64,1.095,8.88,0.003,9.236,0.003,8.31,0.004,41272.0,2.843e-09,7e-12,7e-12,1773.0,87.0,93.0,7.64,0.02,7.39,0.05,6.97,0.02,6.55,0.08,6.12,0.03,5.34,0.01,4.53,0.03,,3.6,0.2,0.2,1.4973729e+32,1.4972776e+31,1.6051598e+31,0.00014,3e-06,3e-06,0,HMGB,1
15 Mon,B1Ve,100.24441665,9.89573913,CXO,J064058.6+095345,6.3,0.1,0.1,1.28e-12,2e-14,2e-14,1.19e-12,2e-14,2e-14,7.5e-14,3e-15,3e-15,2.3e-14,3e-15,3e-15,-0.88,0.02,0.02,-0.53,0.05,0.05,Gaia DR3 3326740865570982400,-1.3292,-1.33,7.0,1.0,5.228,37360.0,5.06,4.544,0.006,4.513,0.003,4.874,0.004,26004.0,1.543e-07,8e-10,8e-10,,,,5.2,0.02,5.32,0.02,5.34,0.02,5.4,0.1,5.22,0.06,5.56,0.02,5.3,0.2,70.0,,,,,,,8.3e-06,1e-07,1e-07,0,star,
19 Mon,B1Ve,105.72822064,-4.23922204,XMM,J070254.7-041422,,,,3.2e-14,5e-15,5e-15,2.6e-14,3e-15,3e-15,2.8e-15,9e-16,9e-16,2e-15,4e-15,4e-15,-0.8,0.1,0.1,-0.1,0.7,0.7,Gaia DR3 3101768554465447936,2.6167,17.12,4.6,0.1,0.783,705.7,1.221,4.924,0.004,4.826,0.008,5.09,0.01,18361.0,1.087e-07,4e-10,4e-10,377.0,19.0,19.0,5.39,0.03,5.48,0.03,5.5,0.02,5.7,0.1,5.45,0.05,5.64,0.01,5.61,0.04,270.0,8.3,0.5,0.5,5.3725955e+29,9.8756895e+28,9.828383e+28,2.9e-07,4e-08,4e-08,0,star,
HD 57682,O9Ve,110.50860433,-8.97932105,XMM,J072202.0-085845,,,,5.1e-13,1e-14,1e-14,3.32e-13,9e-15,9e-15,1.28e-13,4e-15,4e-15,5e-14,7e-15,7e-15,-0.44,0.02,0.02,-0.43,0.05,0.05,Gaia DR3 3047763601330845312,0.8968,12.13,16.32,0.06,0.516,427.2,1.14,6.375,0.003,6.264,0.003,6.542,0.004,19936.0,2.856e-08,7e-11,7e-11,1111.0,95.0,98.0,6.81,0.03,6.97,0.06,6.94,0.02,6.94,0.04,7.01,0.02,6.94,0.01,5.27,0.06,,86.0,7.0,8.0,7.537951e+31,1.298471e+31,1.3405054e+31,1.79e-05,4e-07,4e-07,0,star,
BN Gem,O8Vpev,114.27388058,16.90424175,XMM,J073705.7+165415,,,,5.3e-14,6e-15,6e-15,3e-14,3e-15,3e-15,8e-15,1e-15,1e-15,1.5e-14,5e-15,5e-15,-0.57,0.09,0.09,0.3,0.2,0.2,Gaia DR3 3169064679035264896,0.5227,9.54,2.16,0.06,0.386,123.5,0.966,6.694,0.005,6.619,0.01,6.75,0.02,37034.0,2.129e-08,9e-11,9e-11,1729.0,123.0,207.0,7.04,0.03,7.07,0.03,6.97,0.02,6.92,0.05,6.78,0.02,6.22,0.01,5.57,0.04,362.0,18.0,1.0,2.0,1.9039063e+31,3.3820126e+30,4.980601e+30,2.5e-06,3e-07,3e-07,0,star,
V392 Pup,B7Ve,116.54383339,-37.93360254,XMM,J074610.5-375601,,,,3.9e-14,2e-15,2e-15,3.5e-14,1e-15,1e-15,4.1e-15,4e-16,4e-16,0.0,1e-15,1e-15,-0.79,0.04,0.04,-0.9,0.4,0.4,Gaia DR3 5538805188030100736,5.0296,52.99,24.6,0.1,0.837,884.0,1.745,5.847,0.003,5.787,0.003,5.922,0.004,,4.64e-08,1e-10,1e-10,199.0,4.0,4.0,6.03,0.02,6.1,0.04,6.11,0.02,6.1,0.1,6.03,0.04,6.2,0.01,6.11,0.05,,23.2,0.5,0.4,1.8649264e+29,1.1140308e+28,1.065275e+28,8.5e-07,4e-08,4e-08,0,star,
CD-29 5159,B0Ve,118.92702181,-29.56485836,XRT,48196,1.2,0.1,0.2,3.63e-12,5e-14,5e-14,5.2e-13,1e-14,1e-14,5.2e-13,1e-14,1e-14,2.59e-12,5e-14,5e-14,-0.01,0.01,0.01,0.67,0.02,0.02,Gaia DR3 5597252305589385984,0.2854,20.52,3.92,0.01,0.107,20.37,1.093,9.939,0.003,10.271,0.003,9.411,0.004,37141.0,1.072e-09,3e-12,3e-12,3357.0,154.0,160.0,9.69,0.02,9.52,0.02,9.31,0.02,8.6,0.02,8.41,0.02,8.05,0.02,7.3,0.1,,62.0,3.0,3.0,4.895048e+33,4.559569e+32,4.7074144e+32,0.00339,5e-05,5e-05,0,HMXB,6
V374 Car,B2IVnpe,119.71058644,-60.82441135,XMM,J075850.5-604928,,,,1.36e-13,3e-15,3e-15,3.28e-14,8e-16,8e-16,2.86e-14,6e-16,6e-16,7.4e-14,3e-15,3e-15,-0.07,0.02,0.02,0.44,0.03,0.03,Gaia DR3 5290767631226220032,2.4707,46.78,12.15,0.07,0.5,302.6,1.221,5.805,0.003,5.747,0.004,5.848,0.005,17466.0,4.83e-08,1e-10,1e-10,406.0,9.0,8.0,5.56,0.02,5.49,0.02,5.36,0.02,5.7,0.2,5.39,0.06,4.78,0.01,3.85,0.02,200.0,23.4,0.6,0.5,2.6748687e+30,1.3822639e+29,1.2896028e+29,2.81e-06,7e-08,7e-08,0,star,
QR Vel,B2Vne,140.49338974,-51.17648751,XRT,183048,,,,2.9e-13,7e-14,7e-14,7e-14,3e-14,3e-14,5e-14,2e-14,2e-14,1.7e-13,6e-14,6e-14,-0.2,0.3,0.3,0.5,0.3,0.3,Gaia DR3 5313354692457511424,0.4966,26.64,5.41,0.02,0.153,24.22,0.863,10.047,0.004,10.233,0.007,9.69,0.01,17390.0,9.7e-10,4e-12,4e-12,1944.0,76.0,65.0,9.05,0.03,8.86,0.05,8.61,0.02,8.47,0.02,8.19,0.02,7.34,0.02,6.52,0.08,,50.0,2.0,2.0,1.3142896e+32,3.2323591e+31,3.1854908e+31,0.0003,7e-05,7e-05,0,star,
I Hya,B5Ve,145.32072073,-23.59150033,XMM,J094116.9-233529,,,,5e-13,1e-14,1e-14,1.96e-13,5e-15,5e-15,1.36e-13,3e-15,3e-15,1.66e-13,9e-15,9e-15,-0.18,0.02,0.02,0.1,0.03,0.03,Gaia DR3 5663583299457858816,5.9358,29.99,29.2,0.2,1.242,1844.0,1.049,4.648,0.003,4.618,0.003,4.678,0.008,,1.401e-07,4e-10,4e-10,169.0,5.0,6.0,4.76,0.04,4.74,0.08,4.54,0.02,4.4,0.3,3.9,0.3,3.64,0.01,2.9,0.02,260.0,23.3,0.7,0.8,1.6936401e+30,9.987274e+28,1.1657339e+29,3.56e-06,8e-08,8e-08,0,star,
QY Car,B2IVnpe,152.9434874,-58.0605148,XMM,J101146.5-580339,,,,9e-15,5e-15,5e-15,6e-15,1e-15,1e-15,9e-16,4e-16,4e-16,2e-15,4e-15,4e-15,-0.7,0.2,0.2,0.4,1.6,1.6,Gaia DR3 5258611382897321088,1.816,37.18,13.01,0.06,0.418,207.1,0.836,5.624,0.003,5.601,0.006,5.59,0.007,,5.7e-08,2e-10,2e-10,550.0,16.0,14.0,5.61,0.02,5.57,0.04,5.35,0.02,4.9,0.2,4.52,0.09,3.95,0.01,3.03,0.02,237.0,33.9,1.0,0.9,3.2467203e+29,1.7061274e+29,1.7028404e+29,1.6e-07,8e-08,8e-08,0,star,
HD 90563,B2Ve,156.46852195,-58.78529983,XMM,J102552.5-584706,,,,1.2e-13,3e-14,3e-14,2e-16,9e-16,9e-16,8e-15,2e-15,2e-15,1.1e-13,3e-14,3e-14,1.0,0.4,0.4,0.9,0.3,0.3,Gaia DR3 5255562334073817472,0.3977,30.75,7.85,0.01,0.099,11.86,0.949,9.98,0.003,10.258,0.003,9.497,0.004,,1.032e-09,3e-12,3e-12,2459.0,93.0,92.0,8.83,0.03,8.57,0.03,8.19,0.02,7.64,0.03,7.31,0.02,6.4,0.02,5.52,0.04,,92.0,3.0,3.0,8.516371e+31,2.1239963e+31,2.1218798e+31,0.00011,3e-05,3e-05,0,GCA,4
HD 303296,B1Ve,160.6042521,-59.15679214,CXO,J104224.9-590924,,,,2.6e-15,8e-16,1.2e-15,2.1e-15,8e-16,7e-16,5e-16,3e-16,3e-16,1e-20,1e-20,8.8366e-16,-0.6,0.4,0.4,-1.0,1.9,1.9,Gaia DR3 5350408058194591872,0.5331,15.07,7.98,0.04,0.344,130.1,1.504,9.56,0.003,9.569,0.003,9.474,0.004,18754.0,1.52e-09,4e-12,4e-12,1912.0,138.0,135.0,9.41,0.02,9.44,0.02,9.49,0.03,9.51,0.03,9.61,0.02,8.96,,3.75,0.05,,72.0,5.0,5.0,1.14760744e+30,3.99528e+29,5.4236447e+29,1.7e-06,5e-07,8e-07,0,star,
HD 93190,O9.5e,161.08165574,-59.28298913,CXO,J104419.6-591658,,,,1.9e-14,3e-15,3e-15,4.5e-15,9e-16,9e-16,4.1e-15,7e-16,7e-16,1e-14,3e-15,3e-15,-0.0,0.1,0.1,0.4,0.2,0.2,Gaia DR3 5350396620729366656,0.4141,23.17,6.92,0.02,0.141,17.87,1.073,8.381,0.003,8.605,0.003,7.96,0.004,,4.5e-09,1e-11,1e-11,2396.0,111.0,136.0,7.54,0.02,7.36,0.04,7.04,0.02,6.59,0.07,6.22,0.03,5.63,0.02,4.71,,,79.0,4.0,4.0,1.2942527e+31,2.2899175e+30,2.4354057e+30,4.2e-06,6e-07,6e-07,0,star,
Cl* Trumpler 16 MJ 632,B1Ve,161.47374583,-59.95105371,CXO,J104553.6-595703,,,,8e-15,3e-15,3e-15,2.1e-15,8e-16,8e-16,1.4e-15,8e-16,8e-16,5e-15,2e-15,2e-15,-0.2,0.3,0.3,0.5,0.5,0.5,Gaia DR3 5350304227386859776,0.3992,27.62,7.02,0.02,0.094,8.662,0.751,11.148,0.003,11.373,0.003,10.688,0.004,,3.521e-10,9e-13,9e-13,2344.0,90.0,91.0,9.93,0.03,9.66,0.03,9.44,0.03,,,,,,,,,,78.0,3.0,3.0,5.49796e+30,1.7925819e+30,1.7802063e+30,2.4e-05,8e-06,7e-06,1,YSO,1
HD 305560,Oe,161.61852102,-60.56409666,XRT,175558,,,,3.57e-10,4e-12,4e-12,8.9e-11,2e-12,2e-12,6.4e-11,1e-12,1e-12,2.05e-10,4e-12,4e-12,-0.16,0.01,0.01,0.53,0.02,0.02,Gaia DR3 5254194988310454528,0.1706,13.39,5.48,0.01,0.088,8.11,0.937,9.602,0.003,9.825,0.003,9.184,0.004,,1.462e-09,4e-12,4e-12,5570.0,478.0,414.0,8.67,0.02,8.51,0.03,8.42,0.02,8.28,0.02,8.23,0.02,8.13,0.03,9.32,,,145.0,12.0,11.0,1.3266428e+36,2.2847148e+35,1.976599e+35,0.244,0.003,0.003,0,star,
HD 93843,O6IIIe,162.15732809,-60.22374714,CXO,J104837.7-601325,7.1,0.8,0.9,1.15e-13,6e-15,6e-15,8.8e-14,5e-15,5e-15,1.8e-14,2e-15,2e-15,9e-15,2e-15,2e-15,-0.66,0.06,0.06,-0.4,0.1,0.1,Gaia DR3 5338275673288599936,0.4157,15.76,6.22,0.03,0.265,54.37,0.876,7.274,0.003,7.249,0.003,7.244,0.004,,1.247e-08,3e-11,3e-11,2366.0,144.0,186.0,7.23,0.03,7.27,0.05,7.23,0.03,7.16,0.04,7.24,0.02,6.99,0.03,5.7,0.2,,70.0,4.0,5.0,7.6907557e+31,1.0197507e+31,1.271587e+31,9.2e-06,5e-07,5e-07,0,star,
HD 305891,B3Ve,165.62489468,-60.81551723,XMM,J110230.0-604854,,,,2.5e-14,3e-15,3e-15,8e-15,1e-15,1e-15,9e-15,1e-15,1e-15,8e-15,3e-15,3e-15,0.06,0.1,0.1,-0.1,0.2,0.2,Gaia DR3 5338052502434618112,0.4127,23.61,6.34,0.02,0.144,20.18,0.824,10.208,0.003,10.12,0.01,10.02,0.01,19102.0,8.36e-10,2e-12,2e-12,2378.0,106.0,103.0,9.91,0.03,9.87,0.04,9.86,0.03,9.69,0.02,9.78,0.02,9.4,0.3,6.8,0.2,,72.0,3.0,3.0,1.7249088e+31,2.75438e+30,2.7239248e+30,3e-05,4e-06,4e-06,1,star,
2E 1118.7-6138,O9.5IVe,170.23817252,-61.91670671,CXO,J112057.1-615500,1.5,0.07,0.07,2.96e-12,6e-14,6e-14,4.6e-14,3e-15,3e-15,3.1e-13,1e-14,1e-14,2.61e-12,6e-14,6e-14,0.74,0.04,0.04,0.79,0.03,0.03,Gaia DR3 5336957010898124160,0.3293,28.72,5.59,0.01,0.07,6.38,0.882,11.589,0.003,12.271,0.003,10.76,0.004,28987.0,2.344e-10,6e-13,6e-13,2900.0,76.0,86.0,9.56,0.02,9.07,0.02,8.59,0.02,8.04,0.02,7.66,0.02,6.8,0.02,6.03,0.05,,77.0,2.0,2.0,2.9766974e+33,1.6898516e+32,1.8833573e+32,0.0126,0.0003,0.0003,0,HMXB,3
HD 99146,B3Ve,170.97065168,-59.30480384,CXO,J112352.9-591817,,,,3.5e-15,6e-16,9e-16,3.5e-15,6e-16,6e-16,1e-20,1e-20,1.0067e-16,1e-20,1e-20,6.5724e-16,-1.0,0.2,0.2,,,,Gaia DR3 5339172153213672576,-1.6586,-2.15,6.0,0.7,7.294,30010.0,37.98,8.043,0.004,8.151,0.003,7.719,0.006,37544.0,6.15e-09,2e-11,2e-11,,,,7.4,0.02,7.31,0.05,7.03,0.03,6.56,0.07,6.26,0.03,5.854,0.009,5.39,0.03,,,,,,,,5.8e-07,9e-08,1.4e-07,0,star,
HD 100199,B0.5IIIne,172.77874086,-62.94691902,CXO,J113106.9-625648,0.1,0.2,0.2,2.7e-12,1e-13,1e-13,1.3e-14,5e-15,5e-15,1.4e-13,1e-14,1e-14,2.6e-12,1e-13,1e-13,0.8,0.1,0.1,0.9,0.07,0.07,Gaia DR3 5333660129603575808,0.5732,12.27,6.25,0.05,0.468,135.9,1.505,8.127,0.003,8.114,0.004,8.075,0.005,29917.0,5.69e-09,2e-11,2e-11,1731.0,112.0,139.0,8.05,0.02,8.07,0.03,8.01,0.03,8.06,0.02,8.01,0.02,7.62,0.04,7.0,0.1,,51.0,3.0,4.0,9.7397184e+32,1.3497056e+32,1.6397204e+32,0.00048,2e-05,2e-05,0,HMXB,1
V870 Cen,B2Ve,174.58301532,-63.34347837,XMM,J113819.9-632031,,,,1e-14,2e-15,2e-15,4.3e-15,7e-16,7e-16,4.3e-15,5e-16,5e-16,2e-15,1e-15,1e-15,0.01,0.1,0.1,-0.4,0.2,0.2,Gaia DR3 5333580105769333120,0.4102,26.41,6.32,0.02,0.128,20.02,0.946,10.638,0.003,10.705,0.006,10.47,0.006,15167.0,5.63e-10,2e-12,2e-12,2369.0,82.0,111.0,10.26,0.04,10.23,0.04,10.22,0.04,10.1827,0.0007,10.201,0.002,,,,,,71.0,2.0,3.0,6.9305384e+30,1.125389e+30,1.20560256e+30,1.8e-05,3e-06,3e-06,1,star,
HD 308829,B5e,174.7414595,-63.47749414,XMM,J113858.4-632838,,,,1.9e-13,1e-14,1e-14,3.8e-14,2e-15,2e-15,5.1e-14,2e-15,2e-15,1e-13,1e-14,1e-14,0.14,0.03,0.03,0.32,0.08,0.08,Gaia DR3 5333574672615611776,0.3761,22.02,6.12,0.02,0.147,26.97,1.135,10.625,0.003,10.781,0.004,10.326,0.005,,5.7e-10,2e-12,2e-12,2562.0,86.0,129.0,9.88,0.02,9.73,0.03,9.68,0.03,,,,,,,,,,74.0,3.0,4.0,1.4818001e+32,1.3135279e+31,1.7182217e+31,0.00033,2e-05,2e-05,1,star,
V801 Cen,B1Vne,177.00003002,-62.20691023,CXO,J114800.0-621224,0.83,0.02,0.02,8.59e-12,1e-13,9e-14,4.12e-13,9e-15,9e-15,8.6e-13,1e-14,1e-14,7.32e-12,1e-13,9e-14,0.35,0.01,0.01,0.79,0.02,0.01,Gaia DR3 5334823859608495104,0.4754,27.27,6.43,0.02,0.114,10.14,0.852,8.653,0.003,8.823,0.004,8.29,0.01,41348.0,3.5e-09,1e-11,1e-11,2063.0,87.0,81.0,8.68,0.03,8.58,0.06,8.4,0.03,8.32,0.02,8.17,0.02,7.78,0.02,6.98,0.09,,63.0,3.0,2.0,4.3764328e+33,3.7321498e+32,3.458556e+32,0.00245,3e-05,3e-05,0,HMXB,3
V863 Cen,B6IIIe,182.02153097,-50.66132229,XMM,J120805.2-503940,,,,8.8e-14,5e-15,5e-15,6.7e-14,4e-15,4e-15,1.6e-14,2e-15,2e-15,5e-15,2e-15,2e-15,-0.61,0.06,0.06,-0.5,0.1,0.1,Gaia DR3 6126517517699891712,9.1857,47.77,34.6,0.1,1.426,4540.0,1.44,4.397,0.003,4.34,0.003,4.552,0.004,14108.0,1.765e-07,5e-10,5e-10,109.0,2.0,2.0,5.1,0.3,4.95,0.08,4.87,0.03,4.9,0.2,4.7,0.1,4.99,0.01,4.96,0.03,,17.9,0.4,0.3,1.2438454e+29,8.383529e+27,8.095676e+27,5e-07,3e-08,3e-08,0,star,
del Cen,B2Vne,182.0893933,-50.72248107,XMM,J120821.5-504320,,,,8.8e-14,7e-15,7e-15,7.4e-14,5e-15,5e-15,1e-14,1e-15,1e-15,4e-15,4e-15,4e-15,-0.77,0.07,0.07,-0.4,0.3,0.3,Gaia DR3 6126469654585981952,5.7179,8.78,44.0,0.4,2.75,10100.0,3.221,2.508,0.006,2.88,0.03,2.63,0.01,,1.006e-06,6e-09,6e-09,187.0,20.0,25.0,2.8,0.3,2.8,0.2,2.7,0.2,0.47,,0.29,,1.023,0.006,0.33,0.01,260.0,39.0,4.0,5.0,3.696619e+29,8.366595e+28,1.0147009e+29,8.7e-08,7e-09,7e-09,0,star,
BZ Cru,B0.5IVpe,190.70931703,-63.05864217,XMM,J124250.3-630330,,,,1.207e-11,2e-14,2e-14,9.8e-13,3e-15,3e-15,1.847e-12,4e-15,4e-15,9.24e-12,2e-14,2e-14,0.307,0.002,0.002,0.667,0.003,0.003,Gaia DR3 6055103928246312960,2.2826,29.83,13.37,0.07,0.663,549.3,1.09,5.137,0.003,5.318,0.004,4.794,0.006,35305.0,8.93e-08,2e-10,2e-10,439.0,15.0,15.0,4.7,0.2,4.3,0.2,4.0,0.3,3.5,0.3,2.9,0.3,2.27,0.01,1.54,0.01,400.0,27.8,1.0,1.0,2.785238e+32,1.9071315e+31,1.9118559e+31,0.0001351,5e-07,5e-07,0,GCA,2
V850 Cen,B2Vne,195.3211965,-61.60184481,XRT,26238,,,,8.87e-11,2e-13,2e-13,2.206e-11,8e-14,8e-14,1.582e-11,6e-14,6e-14,5.08e-11,2e-13,2e-13,-0.165,0.003,0.003,0.525,0.003,0.003,Gaia DR3 5863533199843070208,0.5395,38.32,4.35,0.01,0.089,10.3,1.017,12.648,0.003,13.952,0.005,11.519,0.005,,8.84e-11,2e-13,2e-13,1856.0,46.0,37.0,9.8,0.02,9.3,0.02,9.04,0.02,8.02,0.02,7.61,0.02,6.89,0.02,4.88,0.04,,38.2,0.9,0.8,3.655316e+34,1.7964949e+33,1.4452272e+33,1.002,0.004,0.004,0,HMXB,3
CPD-63 2495,B2e,195.69848852,-63.83573123,CXO,J130247.6-635008,1.79,0.05,0.05,9.9e-13,2e-14,2e-14,1e-13,4e-15,4e-15,1.84e-13,5e-15,5e-15,7.1e-13,2e-14,2e-14,0.3,0.02,0.02,0.59,0.02,0.02,Gaia DR3 5862299960127967488,0.4434,33.32,7.1,0.01,0.067,4.899,0.981,9.633,0.003,10.154,0.003,8.913,0.004,35610.0,1.421e-09,4e-12,4e-12,2171.0,59.0,62.0,8.03,0.03,7.7,0.05,7.25,0.02,6.78,0.04,6.46,0.02,5.64,0.01,4.74,0.03,,73.0,2.0,2.0,5.597896e+32,3.221596e+31,3.4025834e+31,0.0007,1e-05,1e-05,0,HMGB,1
HD 117357,O9.5Ve,202.81451545,-61.73263347,XMM,J133115.4-614357,,,,8e-15,6e-15,6e-15,4.5e-15,1e-15,1e-15,0.0,3e-16,3e-16,4e-15,6e-15,6e-15,-1.0,0.3,0.3,1.0,2.2,2.2,Gaia DR3 5868440492071967104,0.4427,27.53,6.09,0.01,0.11,15.03,0.914,9.029,0.003,9.122,0.003,8.803,0.004,,2.478e-09,6e-12,6e-12,2211.0,88.0,86.0,8.6,0.03,8.58,0.04,8.54,0.02,8.38,0.02,8.33,0.02,7.78,0.03,6.8,0.1,,64.0,3.0,3.0,4.9077362e+30,3.60793e+30,3.607317e+30,3e-06,2e-06,2e-06,0,star,
HD 119682,B0Ve,206.63566597,-62.92338696,CXO,J134632.5-625523,1.55,0.08,0.08,9.2e-13,3e-14,3e-14,9.5e-14,5e-15,5e-15,1.35e-13,7e-15,7e-15,6.9e-13,3e-14,3e-14,0.18,0.04,0.04,0.67,0.05,0.05,Gaia DR3 5864664975280537728,0.6055,21.14,5.26,0.02,0.255,69.64,0.946,8.518,0.006,8.51,0.02,8.43,0.03,29824.0,3.97e-09,2e-11,2e-11,1597.0,65.0,81.0,7.35,0.03,7.18,0.03,6.95,0.02,6.53,0.06,6.27,0.02,5.69,0.02,5.24,0.09,200.0,40.0,2.0,2.0,2.8071223e+32,2.517332e+31,3.0064073e+31,0.000232,9e-06,8e-06,0,GCA,2
mu Cen,B2Vnpe,207.4039807,-42.47381501,XMM,J134936.7-422822,,,,2.7e-13,8e-15,8e-15,1.97e-13,7e-15,7e-15,5.7e-14,3e-15,3e-15,1.6e-14,4e-15,4e-15,-0.55,0.03,0.03,-0.55,0.08,0.08,Gaia DR3 6109087784495371648,7.3269,14.2,29.5,0.3,2.107,7866.0,5.777,3.426,0.004,3.42,0.02,3.51,0.02,19977.0,4.32e-07,2e-09,2e-09,142.0,10.0,11.0,3.7,0.2,3.7,0.2,4.01,0.04,4.1,0.3,3.8,0.2,3.83,0.01,3.15,0.02,124.0,20.0,1.0,1.0,6.511943e+29,9.397744e+28,9.845232e+28,6.3e-07,2e-08,2e-08,1,star,
V767 Cen,B2Ve,208.48844872,-47.12818283,XMM,J135357.1-470741,,,,2.65e-12,4e-14,4e-14,5.3e-13,1e-14,1e-14,4.8e-13,8e-15,8e-15,1.64e-12,4e-14,4e-14,-0.05,0.01,0.01,0.55,0.02,0.02,Gaia DR3 6095347496917833472,1.4567,15.63,8.78,0.09,0.585,437.0,1.559,6.11,0.007,6.03,0.02,6.16,0.03,19280.0,3.65e-08,2e-10,2e-10,678.0,33.0,40.0,5.88,0.02,5.81,0.02,5.62,0.02,6.27,0.06,6.04,0.02,5.69,0.02,5.05,0.03,130.0,28.0,1.0,2.0,1.4563705e+32,1.4504451e+31,1.7222831e+31,7.3e-05,1e-06,1e-06,0,GCA,4
4U 1416-62,Be,215.30060803,-62.69892176,CXO,J142112.1-624156,,,,3.1e-13,5e-14,4e-14,1e-20,1e-20,2.09541e-15,1.7e-14,5e-15,5e-15,2.9e-13,5e-14,4e-14,1.0,0.4,0.4,0.9,0.2,0.2,Gaia DR3 5854175187710795136,0.0633,1.28,4.71,0.03,0.274,11.96,1.035,16.178,0.003,17.23,0.008,14.936,0.005,,3.425e-12,9e-15,9e-15,,,,13.3,0.02,12.75,0.02,12.29,0.02,11.747,0.01,11.683,0.009,,,,,,,,,,,,0.09,0.01,0.01,0,star,
CQ Cir,B1Ve,222.70935324,-60.28622165,XMM,J145050.2-601710,1.4,0.2,0.3,2.63e-12,8e-14,8e-14,9.8e-14,1e-14,1e-14,4.4e-13,1e-14,1e-14,2.1e-12,8e-14,8e-14,0.63,0.04,0.04,0.66,0.04,0.04,Gaia DR3 5878184669002394880,0.6079,36.6,4.61,0.01,0.092,15.28,1.019,9.555,0.003,10.043,0.003,8.866,0.004,,1.526e-09,4e-12,4e-12,1598.0,41.0,45.0,7.94,0.03,7.62,0.05,7.28,0.03,6.75,0.05,6.43,0.02,5.65,0.01,4.39,0.03,335.0,34.9,0.9,1.0,8.042656e+32,4.877141e+31,5.2180556e+31,0.00173,5e-05,5e-05,0,GCA,4
d Lup,B3IVpe,233.97173763,-44.9584811,XMM,J153553.1-445731,,,,1.1e-14,4e-15,4e-15,6e-15,2e-15,2e-15,0.0,3e-16,3e-16,5e-15,4e-15,4e-15,-1.0,0.4,0.4,1.0,1.0,1.0,Gaia DR3 6001046782644084736,6.846,51.98,29.4,0.1,0.847,847.1,0.988,4.681,0.003,4.548,0.008,4.8,0.01,17100.0,1.36e-07,4e-10,4e-10,146.0,3.0,2.0,4.97,0.04,5.07,0.02,5.1,0.03,5.1,0.2,4.94,0.09,5.19,0.01,5.1,0.03,,20.4,0.4,0.3,2.8929644e+28,1.0861352e+28,1.0846722e+28,8e-08,3e-08,3e-08,0,star,
48 Lib,B8IIe,239.54730422,-14.27942818,XMM,J155811.3-141645,,,,5e-15,1e-15,1e-15,5e-16,2e-16,2e-16,1.3e-16,9e-17,9e-17,4e-15,1e-15,1e-15,-0.6,0.4,0.4,0.9,0.4,0.4,Gaia DR3 6263223955904774656,7.154,58.75,21.4,0.1,0.702,760.2,0.863,4.742,0.004,4.726,0.01,4.74,0.01,13352.0,1.285e-07,5e-10,5e-10,139.0,3.0,2.0,5.1,0.2,4.83,0.08,4.59,0.02,5.17,0.06,3.8,0.2,3.29,0.01,2.46,0.02,390.0,14.1,0.3,0.3,1.1058423e+28,2.850792e+27,2.843102e+27,3.7e-08,9e-09,9e-09,0,star,
del Sco,B0.2IVe,240.083375,-22.62170556,XMM,J160019.7-223717,,,,9.11e-13,9e-15,9e-15,8.02e-13,8e-15,8e-15,1e-13,2e-15,2e-15,9e-15,2e-15,2e-15,-0.78,0.01,0.01,-0.84,0.04,0.04,,,,,,,,,,,,,,,,,,,,,,2.4,0.3,2.4,0.2,2.4,0.3,-0.9,,-0.72,,1.11,0.02,0.57,0.02,175.0,,,,,,,,,,2,star,
HD 143700,B1.5Vne,241.00907213,-47.47609856,XRT,122205,2.9,0.5,1.0,1.4e-13,2e-14,2e-14,8e-14,1e-14,1e-14,2.6e-14,4e-15,4e-15,3e-14,5e-15,5e-15,-0.5,0.2,0.2,0.1,0.1,0.1,Gaia DR3 5984774216749211648,1.0041,44.89,3.05,0.02,0.143,26.82,0.917,9.065,0.003,9.336,0.005,8.606,0.008,28973.0,2.398e-09,7e-12,7e-12,966.0,22.0,23.0,8.33,0.02,8.15,0.04,7.95,0.02,7.32,0.03,7.12,0.02,6.49,0.02,5.23,0.03,230.0,14.0,0.3,0.3,1.5787812e+31,1.9065135e+30,1.9127289e+30,5.9e-05,7e-06,7e-06,1,star,
V1075 Sco,O8Ve,258.83020835,-33.54843167,XMM,J171519.2-333254,,,,5.66e-13,5e-15,5e-15,5.11e-13,5e-15,5e-15,5.2e-14,1e-15,1e-15,3e-15,1e-15,1e-15,-0.82,0.01,0.01,-0.88,0.04,0.04,Gaia DR3 5979008205986483712,0.9543,10.95,3.8,0.08,0.462,226.0,0.817,5.668,0.003,5.634,0.003,5.674,0.005,17993.0,5.48e-08,1e-10,1e-10,1030.0,99.0,145.0,5.66,0.02,5.68,0.03,5.59,0.02,5.4,0.1,5.2,0.05,5.17,0.01,4.69,0.03,211.0,19.0,2.0,3.0,7.1919747e+31,1.384517e+31,2.0243111e+31,1.03e-05,1e-07,1e-07,0,star,
gam Ara,B1IIe,261.34855538,-56.37778641,XMM,J172523.7-562239,,,,6.05e-13,7e-15,7e-15,4.6e-13,6e-15,6e-15,1.16e-13,2e-15,2e-15,2.9e-14,3e-15,3e-15,-0.6,0.01,0.01,-0.6,0.03,0.03,Gaia DR3 5922299347569528832,3.9387,8.91,13.1,0.3,2.013,6391.0,2.488,3.305,0.004,3.3,0.01,3.373,0.004,14338.0,4.83e-07,2e-09,2e-09,260.0,27.0,31.0,3.6,0.2,3.6,0.2,3.79,0.04,3.7,0.3,3.4,0.3,3.78,0.01,3.66,0.03,302.0,16.0,2.0,2.0,4.8767732e+30,1.0099102e+30,1.15407905e+30,1.25e-06,1e-08,1e-08,0,star,
V750 Ara,B2Vne,261.97837449,-47.02622862,XMM,J172754.7-470133,,,,2.64e-12,4e-14,4e-14,1.56e-13,4e-15,4e-15,3.1e-13,4e-15,4e-15,2.17e-12,4e-14,4e-14,0.33,0.01,0.01,0.75,0.02,0.02,Gaia DR3 5951798797906183936,0.9867,19.04,1.88,0.04,0.283,68.13,0.735,6.564,0.003,6.589,0.006,6.437,0.006,35461.0,2.401e-08,7e-11,7e-11,988.0,50.0,70.0,6.31,0.02,6.23,0.03,5.97,0.02,5.7,0.1,5.22,0.07,4.64,0.01,3.89,0.02,310.0,8.8,0.5,0.7,3.0845916e+32,3.186655e+31,4.430929e+31,0.00011,2e-06,2e-06,0,GCA,2
alf Ara,B2Vne,262.96015033,-49.8764425,XMM,J173150.5-495237,,,,3.4e-14,5e-15,5e-15,2.6e-14,3e-15,3e-15,1.4e-15,7e-16,7e-16,6e-15,5e-15,5e-15,-0.9,0.1,0.1,0.6,0.8,0.8,Gaia DR3 5949437149987478016,,,,,1.941,3360.0,,2.878,0.004,3.14,0.03,2.902,0.01,,7.15e-07,3e-09,3e-09,,,,,,,,,,0.63,,0.06,,1.09,0.04,0.42,0.01,290.0,,,,,,,4.7e-08,8e-09,8e-09,0,star,
Cl* NGC 6383 FJL 24,B9Ve,263.69976323,-32.58896985,XMM,J173448.0-323520,,,,1.5e-14,2e-15,2e-15,8e-15,1e-15,1e-15,5e-15,8e-16,8e-16,3e-15,2e-15,2e-15,-0.2,0.1,0.1,-0.3,0.3,0.3,Gaia DR3 4054618589653638784,0.7069,18.22,3.08,0.04,0.253,72.46,1.512,11.267,0.003,11.399,0.003,11.015,0.004,,3.156e-10,8e-13,8e-13,1348.0,63.0,79.0,10.65,0.02,10.47,0.03,10.4,0.04,10.25,0.06,10.41,0.08,8.8,0.4,6.37,,,19.7,0.9,1.2,3.3234e+30,6.243045e+29,6.665057e+29,4.8e-05,8e-06,8e-06,0,star,
V3892 Sgr,Oe,266.19068598,-27.22903214,CXO,J174445.7-271344,1.7,0.3,0.3,9.4e-13,1e-13,1e-13,7e-14,2e-14,2e-14,1.7e-13,2e-14,2e-14,7e-13,1e-13,1e-13,0.4,0.1,0.1,0.6,0.1,0.1,Gaia DR3 4060784345959549184,0.7873,33.22,2.45,0.02,0.087,4.669,0.803,8.235,0.003,8.511,0.007,7.735,0.006,40958.0,5.15e-09,2e-11,2e-11,1208.0,30.0,34.0,7.05,0.02,6.84,0.04,6.51,0.02,5.81,0.08,5.63,0.05,4.97,0.02,3.97,0.03,,14.0,0.4,0.4,1.6391748e+32,1.9140064e+31,1.9604984e+31,0.00018,2e-05,2e-05,0,GCA,2
HD 316341,B0Ve,267.14805981,-29.95800155,XMM,J174835.5-295728,,,,2.5e-13,2e-14,2e-14,1.1e-14,1e-15,1e-15,3.4e-14,2e-15,2e-15,2e-13,2e-14,2e-14,0.51,0.05,0.05,0.71,0.09,0.09,Gaia DR3 4057180662233441536,0.6098,28.62,1.58,0.02,0.066,3.591,0.82,9.641,0.003,9.841,0.005,9.266,0.006,,1.411e-09,4e-12,4e-12,1555.0,61.0,58.0,7.6,0.02,7.34,0.05,6.96,0.02,8.56,0.02,8.47,0.01,,,,,120.0,11.7,0.5,0.5,7.119969e+31,7.37556e+30,7.14129e+30,0.00017,1e-05,1e-05,0,star,
HD 316520,B5IVnne,268.01417619,-28.75861884,CXO,J175203.4-284530,,,,4e-13,2e-13,1e-13,9e-15,7e-15,7e-15,3e-14,1e-14,1e-14,3e-13,1e-13,1e-13,0.6,0.4,0.4,0.8,0.5,0.5,Gaia DR3 4057351464551123328,0.5076,28.4,0.55,0.01,0.0,0.0,0.688,10.62,0.003,10.81,0.004,10.266,0.005,6442.0,5.72e-10,2e-12,2e-12,1853.0,70.0,77.0,9.82,,9.65,,9.41,0.03,9.05,0.03,8.85,0.03,8.23,0.06,7.46,,,4.8,0.2,0.2,1.4600045e+32,6.2653615e+31,5.983491e+31,0.0006,0.0003,0.0002,0,star,
V771 Sgr,Oe,268.3685113,-24.77435743,XMM,J175328.4-244627,2.1,0.3,0.6,4.02e-12,5e-14,5e-14,1.4e-13,4e-15,4e-15,4.33e-13,6e-15,6e-15,3.45e-12,5e-14,5e-14,0.51,0.01,0.01,0.78,0.02,0.02,Gaia DR3 4067633238255477248,0.5548,5.99,2.65,0.07,0.699,337.7,3.636,8.397,0.003,8.827,0.003,7.739,0.004,,4.44e-09,1e-11,1e-11,1848.0,235.0,327.0,6.91,0.02,6.58,0.04,6.18,0.02,5.5,0.2,5.18,0.08,4.46,0.02,3.46,0.02,,23.0,3.0,4.0,1.6437351e+33,4.1921006e+32,5.818047e+32,0.00091,1e-05,1e-05,0,GCA,5
HD 316568,B2IVpe,268.67794077,-29.72989768,CXO,J175442.7-294347,,,,9e-15,2e-15,2e-15,9e-16,4e-16,4e-16,1.9e-15,4e-16,4e-16,6e-15,2e-15,2e-15,0.4,0.2,0.2,0.5,0.2,0.2,Gaia DR3 4056489821007384192,0.5676,29.3,0.73,0.02,0.0,0.05881,0.662,9.652,0.003,9.778,0.006,9.368,0.008,,1.396e-09,4e-12,4e-12,1690.0,57.0,52.0,8.9,0.03,8.78,0.03,8.5,0.04,,,,,,,,,,5.8,0.3,0.2,3.107355e+30,6.096885e+29,6.02732e+29,7e-06,1e-06,1e-06,0,GCA,5
HD 164492D,Be,270.59643195,-23.0333618,CXO,J180223.1-230159,2.54,0.09,0.09,2.69e-13,9e-15,9e-15,6.1e-14,3e-15,3e-15,6.4e-14,3e-15,3e-15,1.44e-13,8e-15,8e-15,0.02,0.03,0.03,0.38,0.04,0.04,Gaia DR3 4069268658698561664,-0.5197,-1.9,3.1,0.2,1.341,1362.0,7.493,8.826,0.003,8.859,0.005,8.66,0.01,16802.0,2.989e-09,9e-12,9e-12,,,,8.07,0.02,7.8,0.03,7.31,,,,,,,,,,,,,,,,,9e-05,3e-06,3e-06,0,star,
Cl* NGC 6530 ZCW 175,B3Ve,271.04650544,-24.36255841,CXO,J180411.1-242145,3.8,0.4,0.5,1.3e-14,1e-15,1e-15,5.1e-15,4e-16,4e-16,3.1e-15,3e-16,3e-16,5e-15,9e-16,9e-16,-0.24,0.07,0.07,0.2,0.1,0.1,Gaia DR3 4065975930620727040,0.7615,33.48,2.49,0.02,0.111,9.451,0.837,10.35,0.003,10.417,0.003,10.186,0.004,,7.34e-10,2e-12,2e-12,1276.0,35.0,36.0,10.03,0.03,9.95,0.02,9.9,0.02,9.8237,0.0007,,,,,,,,15.0,0.4,0.4,2.5812624e+30,2.541848e+29,2.5618765e+29,1.8e-05,1e-06,1e-06,0,YSO,1
HD 164906,B0Ve,271.10764806,-24.3856603,CXO,J180425.8-242308,,,,4.2e-15,7e-16,9e-16,3.2e-15,6e-16,6e-16,1e-15,3e-16,3e-16,1e-20,1e-20,4.8993e-16,-0.5,0.2,0.2,-1.0,0.7,0.7,Gaia DR3 4065974968548020352,0.7443,20.08,2.24,0.04,0.197,17.34,0.962,7.339,0.003,7.464,0.003,7.039,0.004,34465.0,1.175e-08,3e-11,3e-11,1280.0,62.0,66.0,6.65,0.02,6.48,0.05,6.17,0.03,5.6,0.2,5.32,0.06,3.51,0.02,-0.88,0.02,255.0,13.6,0.7,0.7,8.286098e+29,1.589808e+29,1.8825873e+29,3.6e-07,6e-08,7e-08,0,star,
Cl* NGC 6530 ZCW 221,B2.5Ve,271.12079492,-24.42393268,CXO,J180428.9-242526,,,,3.2e-15,8e-16,1.2e-15,1.9e-15,6e-16,6e-16,1.3e-15,5e-16,5e-16,1e-20,1e-20,9.8773e-16,-0.2,0.2,0.2,-1.0,0.9,0.9,Gaia DR3 4065971738732595584,0.8157,53.17,2.65,0.02,0.039,1.27,0.686,10.622,0.003,10.683,0.003,10.462,0.004,7620.0,5.72e-10,1e-12,1e-12,1197.0,32.0,27.0,10.26,0.03,10.16,0.04,10.13,0.03,9.88,0.04,9.8,0.05,11.53,,2.3,0.03,,15.0,0.4,0.4,5.519251e+29,1.3519506e+29,2.138013e+29,6e-06,1e-06,2e-06,0,YSO,1
Cl* NGC 6530 ZCW 228,B2.5Vne,271.13716776,-24.31236833,CXO,J180432.9-241844,4.3,0.5,0.6,1.8e-14,1e-15,2e-15,1.1e-14,8e-16,8e-16,7.3e-15,7e-16,7e-16,1e-20,1e-20,1.99257e-15,-0.2,0.06,0.06,-1.0,0.3,0.3,Gaia DR3 4066069251668212480,0.8168,33.33,2.14,0.02,0.121,9.356,0.815,10.416,0.003,10.477,0.003,10.261,0.004,,6.91e-10,2e-12,2e-12,1185.0,26.0,42.0,10.05,,9.83,,9.87,0.04,9.64,0.02,9.76,0.03,,,,,,12.0,0.3,0.4,3.0816683e+30,2.2149187e+29,4.3510275e+29,2.7e-05,2e-06,3e-06,0,YSO,1
V986 Oph,B0IIIne,271.15566157,1.91896838,XMM,J180437.4+015509,,,,2.12e-13,7e-15,7e-15,1.63e-13,6e-15,6e-15,4.3e-14,3e-15,3e-15,7e-15,3e-15,3e-15,-0.59,0.04,0.04,-0.7,0.1,0.1,Gaia DR3 4468233187335913472,0.9934,19.38,5.71,0.04,0.294,89.94,0.869,6.091,0.003,6.06,0.003,6.088,0.004,,3.71e-08,1e-10,1e-10,982.0,55.0,43.0,6.15,0.02,6.22,0.03,6.24,0.02,6.27,0.09,6.2,0.03,6.27,0.02,6.1,0.05,,27.0,2.0,1.0,2.451035e+31,2.8752433e+30,2.3034747e+30,5.7e-06,2e-07,2e-07,0,star,
HD 164947,B2Vne,271.17352014,-24.34870812,XMM,J180441.6-242054,,,,9e-15,3e-15,3e-15,3.5e-15,7e-16,7e-16,1.7e-15,4e-16,4e-16,3e-15,3e-15,3e-15,-0.3,0.2,0.2,0.3,0.6,0.6,Gaia DR3 4066068903750862976,0.7946,37.28,2.72,0.02,0.107,7.441,0.726,9.761,0.003,9.809,0.003,9.608,0.004,,1.262e-09,3e-12,3e-12,1218.0,35.0,31.0,9.42,0.04,9.36,0.1,9.32,0.03,9.53,0.02,9.59,0.02,,,,,120.0,15.7,0.5,0.4,1.5272118e+30,5.2381894e+29,5.222611e+29,7e-06,2e-06,2e-06,0,star,
Cl* NGC 6530 SCB 790,B2IVe,271.17363962,-24.34964604,XMM,J180441.6-242054,,,,9e-15,3e-15,3e-15,3.5e-15,7e-16,7e-16,1.7e-15,4e-16,4e-16,3e-15,3e-15,3e-15,-0.3,0.2,0.2,0.3,0.6,0.6,Gaia DR3 4066065948813363712,0.972,44.71,2.05,0.02,0.115,8.713,0.762,9.431,0.003,9.454,0.004,9.337,0.004,8336.0,1.711e-09,4e-12,4e-12,1000.0,20.0,18.0,9.29,0.06,9.26,0.03,9.22,0.06,8.968,0.009,9.3,0.009,,,,,,9.7,0.2,0.2,1.02954805e+30,3.5046057e+29,3.5004613e+29,5e-06,2e-06,2e-06,0,star,
Cl* NGC 6530 ZCW 254,B4Ve,271.21084182,-24.42836944,CXO,J180450.7-242542,2.2,0.2,0.2,9.7e-14,6e-15,6e-15,1.4e-14,1e-15,1e-15,2.1e-14,2e-15,2e-15,6.1e-14,6e-15,6e-15,0.22,0.06,0.06,0.48,0.08,0.08,Gaia DR3 4066064643142852224,0.7632,49.91,2.81,0.02,0.044,1.476,0.669,11.722,0.003,11.994,0.005,11.222,0.008,,2.075e-10,6e-13,6e-13,1236.0,19.0,21.0,10.45,,10.16,0.04,9.73,,9.16,0.03,8.53,0.02,4.68,0.02,1.16,0.02,,16.5,0.3,0.3,1.7652385e+31,1.2872789e+30,1.2607275e+30,0.00047,3e-05,3e-05,0,YSO,1
HD 165783,B4IIe,272.11288962,-19.86888089,XMM,J180827.0-195207,,,,4e-15,2e-15,2e-15,1.4e-15,5e-16,5e-16,1e-16,2e-16,2e-16,2e-15,2e-15,2e-15,-0.9,0.4,0.4,0.9,1.3,1.3,Gaia DR3 4095046193393026944,0.7041,29.26,1.6,0.02,0.123,9.205,0.877,8.262,0.003,8.428,0.004,7.927,0.005,,5.02e-09,1e-11,1e-11,1360.0,43.0,35.0,7.45,0.02,7.28,0.04,7.09,0.02,6.37,0.06,6.51,0.02,5.78,0.02,3.92,0.03,,10.3,0.3,0.3,8.18343e+29,4.921494e+29,4.912439e+29,7e-07,4e-07,4e-07,0,star,
V3903 Sgr,B6IIIe,272.32376308,-23.98840295,CXO,J180917.6-235918,7.6,0.7,0.8,1.47e-13,7e-15,1.8e-14,1.24e-13,6e-15,6e-15,2.2e-14,2e-15,2e-15,1e-20,1e-20,1.711875e-14,-0.7,0.05,0.05,-1.0,0.8,0.8,Gaia DR3 4066278846098710016,0.8368,32.42,3.02,0.03,0.14,9.786,0.77,7.212,0.004,7.28,0.008,7.012,0.008,20650.0,1.321e-08,4e-11,4e-11,1148.0,34.0,38.0,6.82,0.02,6.79,0.02,6.78,0.02,6.75,0.06,6.84,0.02,7.26,0.04,8.26,,,16.4,0.5,0.6,2.311146e+31,1.7114719e+30,3.2727662e+30,1.11e-05,5e-07,1.4e-06,0,YSO,1
Cl* NGC 6611 PPM 38,B8Ve,274.66563738,-13.78233464,CXO,J181839.7-134656,,,,4e-15,9e-16,9e-16,8e-16,3e-16,3e-16,1.5e-15,4e-16,4e-16,1.7e-15,8e-16,8e-16,0.3,0.2,0.2,0.1,0.3,0.3,Gaia DR3 4146600644357559680,0.5233,24.64,1.62,0.02,0.038,0.6931,1.097,13.494,0.003,13.914,0.004,12.876,0.004,,4.06e-11,1e-13,1e-13,1788.0,60.0,81.0,11.98,0.03,11.63,0.04,11.4,0.04,,,,,,,,,,13.8,0.5,0.6,1.5188027e+30,3.6207876e+29,3.7206328e+29,0.0001,2e-05,2e-05,0,star,
BD-13 4928,O9.5Vne,274.6782351,-13.78083224,CXO,J181842.7-134650,,,,5.6e-15,8e-16,8e-16,3.1e-15,6e-16,6e-16,1.4e-15,3e-16,3e-16,1.2e-15,5e-16,5e-16,-0.4,0.2,0.2,-0.1,0.3,0.3,Gaia DR3 4146600678717290624,0.591,35.98,1.64,0.01,0.065,4.6,0.903,9.926,0.003,10.201,0.004,9.458,0.005,14298.0,1.085e-09,3e-12,3e-12,1614.0,32.0,40.0,8.96,0.03,8.87,0.05,8.76,0.02,8.64,0.02,8.74,0.03,7.58,,2.79,,,12.6,0.3,0.3,1.752445e+30,2.7311055e+29,2.7844794e+29,5.2e-06,8e-07,8e-07,0,star,
Cl* NGC 6611 BKP 29783,Be,274.69220669,-13.91032611,CXO,J181846.1-135437,,,,1.3e-14,2e-15,2e-15,5.4e-15,8e-16,8e-16,2.8e-15,5e-16,5e-16,4e-15,2e-15,2e-15,-0.3,0.1,0.1,0.2,0.3,0.3,Gaia DR3 4146594219088502272,2.4877,4.57,2.3,0.5,3.23,5692.0,27.706,13.54,0.003,13.738,0.006,12.661,0.006,,3.89e-11,1e-13,1e-13,,,,11.91,0.04,11.57,0.04,11.34,0.03,11.539,0.002,,,,,,,,,,,,,,0.00032,5e-05,5e-05,1,YSO,1
BD-13 4933,B0.5Ve,274.7703287,-13.80568698,CXO,J181904.9-134819,,,,1.1e-15,4e-16,8e-16,5e-16,3e-16,3e-16,5e-16,2e-16,2e-16,1e-20,1e-20,7.2116e-16,-0.0,0.3,0.3,-1.0,1.5,1.5,Gaia DR3 4146599819725862912,0.5764,21.83,1.83,0.02,0.123,12.95,0.91,10.542,0.003,10.798,0.003,10.1,0.004,13667.0,6.15e-10,2e-12,2e-12,1641.0,68.0,69.0,9.58,0.02,9.45,0.02,9.31,0.02,9.28,0.03,9.03,0.03,4.16,0.05,0.19,0.03,,14.3,0.6,0.6,3.492669e+29,1.2548655e+29,2.6251666e+29,1.8e-06,6e-07,1.3e-06,0,star,
EM* AS 315,Be,280.25043644,-5.46437247,XMM,J184100.0-052749,,,,1.1e-14,5e-15,5e-15,2e-16,2e-16,2e-16,1e-15,4e-16,4e-16,1e-14,5e-15,5e-15,0.7,0.5,0.5,0.8,0.6,0.6,Gaia DR3 4256506967717461120,0.2322,8.32,4.08,0.03,0.223,49.24,1.391,10.154,0.003,11.474,0.004,9.026,0.005,,8.79e-10,2e-12,2e-12,3601.0,271.0,341.0,7.25,0.03,6.74,0.02,6.33,0.02,5.66,0.09,5.37,0.06,4.84,0.02,3.68,0.03,,70.0,5.0,7.0,1.7262107e+31,8.738356e+30,8.962976e+30,1.3e-05,6e-06,6e-06,0,star,
CX Dra,B2.5Ve,281.67961912,52.98793777,XMM,J184643.0+525916,,,,1.26e-12,2e-14,2e-14,6.4e-13,1e-14,1e-14,3.23e-13,7e-15,7e-15,3e-13,2e-14,2e-14,-0.33,0.02,0.02,-0.03,0.03,0.03,Gaia DR3 2146355278489784960,2.8262,48.18,12.02,0.08,0.404,172.8,1.078,5.861,0.005,5.83,0.01,5.84,0.02,15898.0,4.58e-08,2e-10,2e-10,352.0,7.0,7.0,5.87,0.02,5.8,0.02,5.79,0.02,5.6,0.1,5.28,0.06,5.12,0.01,4.87,0.03,163.0,20.1,0.4,0.4,1.8785561e+31,8.24804e+29,8.186322e+29,2.76e-05,5e-07,5e-07,0,star,
SHELIAK,B7Ve,282.51999065,33.36265039,XMM,J185004.7+332145,,,,9.6e-13,2e-14,2e-14,6.4e-13,1e-14,1e-14,1.85e-13,6e-15,6e-15,1.3e-13,1e-14,1e-14,-0.55,0.02,0.02,-0.16,0.05,0.05,Gaia DR3 2090687795056051328,3.5982,19.59,4.2,0.2,1.629,4405.0,3.241,3.6,0.02,3.67,0.04,3.46,0.04,17700.0,3.66e-07,5e-09,5e-09,280.0,13.0,15.0,3.4,0.3,3.4,0.3,3.2,0.4,3.013,0.0001,2.2339,0.0004,,,,,120.0,5.6,0.4,0.4,8.9746923e+30,8.788017e+29,1.0038838e+30,2.61e-06,7e-08,7e-08,0,star,
V558 Lyr,B3Ve,291.9016509,37.94117557,XMM,J192736.3+375628,,,,1.67e-12,4e-14,4e-14,2.7e-13,1e-14,1e-14,3.02e-13,8e-15,8e-15,1.1e-12,4e-14,4e-14,0.06,0.02,0.02,0.57,0.04,0.04,Gaia DR3 2051905889641367296,1.7801,51.54,4.7,0.04,0.31,102.9,0.824,6.225,0.003,6.183,0.004,6.23,0.007,28980.0,3.278e-08,9e-11,9e-11,556.0,11.0,10.0,6.25,0.02,6.18,0.02,6.05,0.02,5.8,0.1,5.42,0.06,4.72,0.01,3.96,0.02,220.0,12.4,0.3,0.2,6.182168e+31,2.995687e+30,2.7242043e+30,5.1e-05,1e-06,1e-06,0,GCA,4
HD 344783,B0IVe,295.77827914,23.27008315,CXO,J194306.7+231612,,,,1.6e-14,7e-15,2e-14,1e-14,6e-15,6e-15,6e-15,3e-15,3e-15,1e-20,1e-20,1.845615e-14,-0.3,0.4,0.5,-1.0,3.2,3.2,Gaia DR3 2020088874998745600,-0.0906,-0.64,6.1,0.1,1.26,2522.0,8.287,9.72,0.003,9.906,0.003,9.274,0.004,28929.0,1.312e-09,3e-12,3e-12,,,,8.78,0.02,8.71,0.03,8.65,0.02,8.61,0.03,8.65,0.03,9.12,0.09,8.5,,,,,,,,,1.2e-05,5e-06,1.5e-05,0,star,
HD 190864,O7IIIe,301.4158261,35.60774586,XMM,J200539.8+353627,,,,1e-13,4e-15,4e-15,8.2e-14,3e-15,3e-15,1.7e-14,1e-15,1e-15,1e-15,2e-15,2e-15,-0.65,0.03,0.03,-0.9,0.2,0.2,Gaia DR3 2059070135632404992,0.5264,29.19,7.31,0.02,0.155,18.95,0.874,7.688,0.003,7.776,0.003,7.471,0.004,19715.0,8.52e-09,2e-11,2e-11,1818.0,58.0,59.0,7.26,0.02,7.28,0.02,7.26,0.02,7.2,0.03,7.27,0.02,7.17,0.02,6.67,0.08,100.0,63.0,2.0,2.0,3.9715856e+31,2.9238772e+30,2.967111e+30,1.18e-05,4e-07,4e-07,0,star,
HD 228256,Bpe,302.97652324,40.00820588,XRT,128863,2.3,0.4,0.8,2e-13,2e-14,2e-14,8e-14,1e-14,1e-14,3.9e-14,6e-15,6e-15,7e-14,1e-14,1e-14,-0.4,0.1,0.1,0.3,0.1,0.1,Gaia DR3 2062398391672763392,0.4373,35.68,5.71,0.01,0.09,11.15,1.008,9.951,0.006,10.32,0.01,9.39,0.02,37487.0,1.06e-09,6e-12,6e-12,2179.0,64.0,63.0,8.4,0.03,8.11,0.02,7.76,0.02,7.33,0.03,7.09,0.02,6.38,0.02,5.61,0.05,,59.0,2.0,2.0,1.120069e+32,1.2803136e+31,1.2756166e+31,0.00019,2e-05,2e-05,0,star,
HD 228438,B0.5IIIe,303.45950266,36.62290262,XMM,J201350.2+363722,,,,5e-15,2e-15,2e-15,3.3e-15,6e-16,6e-16,1.1e-15,3e-16,3e-16,1e-15,2e-15,2e-15,-0.5,0.2,0.2,-0.2,1.0,1.0,Gaia DR3 2060497129916833024,0.4262,16.98,6.91,0.03,0.243,51.03,1.491,8.116,0.003,8.364,0.003,7.675,0.004,35008.0,5.74e-09,2e-11,2e-11,2243.0,105.0,155.0,7.18,0.03,7.05,0.02,6.76,0.02,6.3,0.09,5.91,0.04,5.26,0.01,4.45,0.03,,73.0,3.0,5.0,3.1464743e+30,1.2408957e+30,1.2808492e+30,9e-07,3e-07,3e-07,0,star,
HD 228535,B2IVe,303.73052859,36.8535391,XMM,J201455.4+365111,,,,8e-15,6e-15,6e-15,9e-16,6e-16,6e-16,2.1e-15,7e-16,7e-16,5e-15,6e-15,6e-15,0.4,0.3,0.3,0.4,0.8,0.8,Gaia DR3 2060529153194842880,0.4296,30.43,6.53,0.02,0.128,23.8,1.22,10.045,0.003,10.421,0.005,9.492,0.009,31791.0,9.72e-10,3e-12,3e-12,2233.0,93.0,73.0,9.34,0.02,9.24,0.02,9.2,0.01,8.04,0.02,7.86,0.02,7.52,0.02,7.05,0.08,,69.0,3.0,2.0,5.0209497e+30,3.517436e+30,3.508166e+30,9e-06,6e-06,6e-06,1,star,
V2246 Cyg,B0Ve,308.06362686,37.6374324,XMM,J203215.2+373815,,,,1.682e-10,3e-13,3e-13,2.25e-13,5e-15,5e-15,2.94e-12,1e-14,1e-14,1.65e-10,3e-13,3e-13,0.858,0.006,0.006,0.965,0.003,0.003,Gaia DR3 2063791369815322752,0.3418,4.04,6.37,0.09,0.637,17.18,0.988,16.891,0.003,19.49,0.04,15.419,0.01,5190.0,1.775e-12,6e-15,6e-15,,,,12.05,0.02,10.84,0.02,10.07,0.02,9.18,0.02,8.81,0.02,7.17,0.03,6.1,0.07,,,,,,,,94.7,0.3,0.3,0,HMXB,3
V2188 Cyg,Be,308.32719691,41.25974459,CXO,J203318.5+411535,,,,2.3e-15,6e-16,6e-16,1e-20,1e-20,6.019e-17,5e-16,2e-16,2e-16,1.8e-15,6e-16,6e-16,1.0,0.5,0.5,0.5,0.3,0.3,Gaia DR3 2067783559095152768,0.5539,41.17,5.04,0.02,0.059,2.678,1.088,13.559,0.006,15.31,0.01,12.3,0.01,33804.0,3.82e-11,2e-13,2e-13,1667.0,43.0,44.0,9.41,0.02,8.58,0.02,7.98,0.01,7.19,0.05,6.81,0.02,6.21,0.03,5.96,,,40.0,1.0,1.0,7.742705e+29,1.9784264e+29,1.9904905e+29,6e-05,2e-05,2e-05,0,star,
W Del,A0Ve,309.41700757,18.28439534,XMM,J203740.1+181702,,,,1.3e-14,4e-15,4e-15,9e-15,2e-15,2e-15,2.8e-15,7e-16,7e-16,1e-15,4e-15,4e-15,-0.5,0.2,0.2,-0.4,1.0,1.0,Gaia DR3 1812558769663138176,1.2538,45.9,5.55,0.02,0.227,72.38,1.483,9.732,0.003,9.779,0.004,9.602,0.006,,1.297e-09,4e-12,4e-12,784.0,16.0,16.0,9.36,0.02,9.14,0.04,9.1,0.02,8.95,0.02,8.99,0.02,9.0,0.04,9.08,,30.0,20.6,0.4,0.4,9.864897e+29,2.9713353e+29,2.968991e+29,1e-05,3e-06,3e-06,0,star,
V1493 Cyg,A2Ve,313.01933292,44.62510682,XMM,J205204.7+443733,,,,5e-15,4e-15,4e-15,3e-16,4e-16,4e-16,7e-16,4e-16,4e-16,4e-15,4e-15,4e-15,0.4,0.6,0.6,0.7,1.1,1.1,Gaia DR3 2163147741628918144,0.8711,19.21,3.83,0.05,0.477,141.5,3.607,13.854,0.006,15.45,0.02,12.58,0.01,,2.91e-11,1e-13,1e-13,1103.0,55.0,61.0,10.23,0.02,9.06,0.03,8.12,0.02,6.48,0.07,5.65,0.05,3.33,0.01,1.84,0.02,,20.0,1.0,1.0,7.205226e+29,6.2214534e+29,6.231832e+29,0.0002,0.0001,0.0001,0,YSO,1
HD 198931,B1Vnne,313.04047666,44.43459682,CXO,J205209.7+442605,4.0,0.6,1.0,2.3e-14,4e-15,1.2e-14,1.2e-14,2e-15,2e-15,1.2e-14,2e-15,2e-15,1e-20,1e-20,1.193741e-14,0.0,0.2,0.1,-1.0,1.1,1.1,Gaia DR3 2162956598400314624,0.5433,2.47,3.2,0.2,2.059,3398.0,13.463,8.489,0.003,8.858,0.003,7.88,0.004,22381.0,4.07e-09,1e-11,1e-11,,,,7.13,0.02,6.86,0.03,6.53,0.02,6.17,0.08,5.7,0.04,5.08,0.02,4.22,0.03,,,,,,,,5.7e-06,9e-07,3e-06,0,star,
59 Cyg,B1.5Vnne,314.95652723,47.52095244,XMM,J205949.6+473115,,,,4.5e-14,4e-15,4e-15,4e-14,3e-15,3e-15,2.9e-15,7e-16,7e-16,2e-15,3e-15,3e-15,-0.86,0.09,0.09,-0.3,0.6,0.6,Gaia DR3 2163949388695291136,1.4681,3.99,8.8,0.4,2.931,10390.0,2.724,4.55,0.004,4.604,0.005,4.5,0.01,41342.0,1.534e-07,6e-10,6e-10,,,,4.7,0.3,4.46,0.08,4.3,0.3,4.0025,0.0002,3.2015,0.0005,,,,,379.0,,,,,,,2.9e-07,3e-08,3e-08,0,star,
GSC 03588-00834,B0Ve,315.89876969,45.75153283,CXO,J210335.6+454505,1.8,0.2,0.2,2.27e-13,9e-15,9e-15,6.5e-15,9e-16,9e-16,2.8e-14,2e-15,2e-15,1.93e-13,9e-15,9e-15,0.62,0.07,0.07,0.75,0.05,0.05,Gaia DR3 2162805896614571904,0.1309,10.11,4.72,0.01,0.0,0.0,1.09,13.774,0.006,14.48,0.02,12.95,0.02,29373.0,3.13e-11,2e-13,2e-13,6218.0,448.0,576.0,11.84,0.02,11.53,0.02,11.36,0.02,10.53,0.02,10.48,0.02,10.3,0.1,8.73,,,139.0,10.0,13.0,1.0523518e+33,1.5741504e+32,1.9940752e+32,0.0073,0.0003,0.0003,0,HMXB,1
V2156 Cyg,B1.5Vnnpe,321.26017958,44.45175948,XMM,J212502.4+442706,0.9,0.3,0.5,4.2e-13,2e-14,2e-14,4e-15,2e-15,2e-15,4.8e-14,3e-15,3e-15,3.7e-13,2e-14,2e-14,0.83,0.1,0.1,0.77,0.07,0.07,Gaia DR3 1970815567066416128,1.0899,64.34,2.69,0.02,0.12,16.4,1.067,8.658,0.003,8.987,0.003,8.125,0.004,28989.0,3.486e-09,9e-12,9e-12,901.0,13.0,10.0,7.43,0.02,7.21,0.02,6.94,0.02,6.47,0.08,6.1,0.04,5.42,0.01,4.6,0.03,,11.5,0.2,0.1,4.0607717e+31,2.5186328e+30,2.3964792e+30,0.00012,7e-06,7e-06,0,GCA,4
ALFIRK,B2IIIev,322.1650527,70.56071945,XMM,J212839.5+703339,,,,1.002e-12,4e-15,4e-15,8.92e-13,3e-15,3e-15,9.97e-14,9e-16,9e-16,1.03e-14,7e-16,7e-16,-0.799,0.005,0.005,-0.81,0.01,0.01,Gaia DR3 2272185759996420992,,,,,7.374,74990.0,,3.195,0.009,3.16,0.01,3.379,0.008,,5.34e-07,4e-09,4e-09,,,,3.6,0.2,3.7,0.2,3.9,0.03,3.9699,0.0002,3.4883,0.0004,,,,,20.0,,,,,,,1.87e-06,2e-08,2e-08,0,star,
V490 Cep,B1.5Ve,324.87785209,56.98621853,CXO,J213930.6+565910,1.4,0.3,0.3,6.7e-13,6e-14,6e-14,1.8e-14,5e-15,5e-15,6.9e-14,9e-15,9e-15,5.8e-13,6e-14,6e-14,0.6,0.1,0.1,0.8,0.1,0.1,Gaia DR3 2178178409188167296,0.1048,8.28,3.69,0.01,0.0,0.0,1.037,13.816,0.003,14.523,0.005,12.97,0.005,,3.015e-11,8e-14,8e-14,7447.0,492.0,576.0,11.83,0.02,11.41,0.03,10.93,0.02,10.44,0.02,10.07,0.02,9.15,0.03,7.9,0.1,,130.0,9.0,10.0,4.430527e+33,7.002224e+32,7.856537e+32,0.022,0.002,0.002,0,HMXB,1
EM Cep,B0.5Ve,328.45040039,62.61442167,CXO,J215348.1+623651,,,,5e-15,1e-15,1e-15,3e-15,1e-15,9e-16,1.1e-15,4e-16,4e-16,8e-16,6e-16,6e-16,-0.5,0.3,0.3,-0.2,0.4,0.4,Gaia DR3 2204369875668251264,1.5214,7.95,2.9,0.2,2.102,4734.0,10.054,6.959,0.004,7.064,0.007,6.705,0.008,23123.0,1.667e-08,5e-11,5e-11,697.0,74.0,96.0,6.49,0.03,6.5,0.03,6.52,0.02,6.45,0.07,6.43,0.02,6.28,0.01,5.66,0.04,304.0,10.0,1.0,2.0,2.8014334e+29,9.3208955e+28,1.0393653e+29,2.9e-07,7e-08,7e-08,0,star,
BD+53 2790,O9.5IIIe,331.98428755,54.51843217,XMM,J220756.2+543106,0.0,0.1,3.4,9.877e-11,9e-14,9e-14,3.71e-12,1e-14,1e-14,1.181e-11,2e-14,2e-14,8.324e-11,8e-14,8e-14,0.522,0.002,0.002,0.751,0.001,0.001,Gaia DR3 2005653524280214400,0.3051,22.42,5.33,0.01,0.107,14.0,0.979,9.743,0.003,9.881,0.003,9.464,0.004,20008.0,1.283e-09,3e-12,3e-12,3104.0,136.0,134.0,9.22,0.03,9.12,0.03,9.04,0.02,8.7,0.02,8.56,0.02,8.19,0.02,7.9,0.2,,78.0,3.0,3.0,1.1389164e+35,9.9593205e+33,9.816131e+33,0.077,0.0002,0.0002,0,HMXB,3
pi Aqr,B1Ve,336.31934039,1.37740985,XMM,J222516.6+012238,,,,8.19e-12,3e-14,3e-14,7.91e-13,6e-15,6e-15,1.286e-12,5e-15,5e-15,6.11e-12,3e-14,3e-14,0.238,0.004,0.004,0.652,0.005,0.005,Gaia DR3 2702544403629124224,2.9761,26.37,17.7,0.2,0.759,746.3,0.952,4.525,0.005,4.52,0.01,4.46,0.02,37395.0,1.569e-07,7e-10,7e-10,330.0,11.0,14.0,5.3,0.04,5.36,0.05,5.35,0.02,4.6,0.2,4.0,0.2,4.07,0.02,3.61,0.03,230.0,27.7,0.9,1.2,1.0664302e+32,6.99767e+30,8.989434e+30,5.22e-05,3e-07,3e-07,0,GCA,5
4U 2238+60,Be,339.8368298,61.27405312,CXO,J223920.8+611626,,,,3.9e-13,5e-14,5e-14,4e-15,2e-15,2e-15,1.9e-14,5e-15,5e-15,3.6e-13,5e-14,5e-14,0.6,0.3,0.3,0.9,0.2,0.2,Gaia DR3 2201091578667140352,0.104,7.44,2.56,0.01,0.044,1.044,1.105,14.105,0.005,15.06,0.009,13.12,0.01,16440.0,2.311e-11,1e-13,1e-13,7388.0,676.0,856.0,11.45,0.03,10.95,0.03,10.56,0.02,10.18,0.02,9.95,0.02,9.48,0.05,8.3,0.2,,89.0,8.0,10.0,2.5191325e+33,5.599937e+32,6.6483624e+32,0.017,0.002,0.002,0,HMXB,3
HD 215227,B5ne,340.73874141,44.7217246,XMM,J224257.2+444315,,,,6e-15,3e-15,3e-15,3.2e-15,7e-16,7e-16,1.4e-15,4e-16,4e-16,2e-15,2e-15,2e-15,-0.4,0.2,0.2,0.1,0.8,0.8,Gaia DR3 1982359580155628160,0.486,26.31,4.7,0.02,0.158,39.01,1.139,8.705,0.003,8.769,0.003,8.495,0.005,,3.34e-09,9e-12,9e-12,1985.0,77.0,81.0,8.23,0.03,8.13,0.02,7.88,0.02,7.39,0.03,7.03,0.02,6.47,0.02,5.9,0.05,,44.0,2.0,2.0,3.0217563e+30,1.2507532e+30,1.2530404e+30,1.9e-06,8e-07,8e-07,0,HMXB,7
EM* MWC 659,B0IIIpe,341.93901022,57.28076541,XMM,J224745.2+571650,1.8,0.9,1.0,1.13e-12,2e-14,2e-14,4.7e-14,2e-15,2e-15,1.31e-13,3e-15,3e-15,9.5e-13,2e-14,2e-14,0.48,0.02,0.02,0.76,0.03,0.03,Gaia DR3 2007135459792401408,0.2773,23.18,4.49,0.01,0.086,10.93,0.949,9.917,0.003,10.209,0.003,9.415,0.004,41066.0,1.094e-09,3e-12,3e-12,3409.0,185.0,170.0,8.84,0.02,8.56,0.03,8.22,0.02,7.78,0.03,7.43,0.02,6.49,0.01,5.52,0.04,,73.0,4.0,4.0,1.5745313e+33,1.7395288e+32,1.6070621e+32,0.00103,2e-05,2e-05,0,GCA,5
BD+61 2355,B7IVe,343.12167382,62.68602526,XMM,J225228.9+624110,,,,3e-14,2e-14,2e-14,8e-15,2e-15,2e-15,1e-14,2e-15,2e-15,1e-14,2e-14,2e-14,0.1,0.2,0.2,0.1,0.7,0.7,Gaia DR3 2207278904253598976,1.6821,23.86,4.75,0.07,0.769,747.1,5.037,9.562,0.003,9.714,0.003,9.158,0.004,13752.0,1.516e-09,4e-12,4e-12,590.0,22.0,19.0,8.75,0.02,8.66,0.03,8.6,0.02,8.56,0.02,8.55,0.02,7.93,0.02,5.57,0.03,,13.3,0.5,0.5,1.2435317e+30,6.4862104e+29,6.466289e+29,2e-05,1e-05,1e-05,0,star,
